:020000040800F2
:1000000070420224E50400082385000809790008ED
:100010002185000801250008E5C700080000000050
:10002000000000000000000000000000250400089F
:10003000052600080000000081040008FD9B000860
:100040000305000803050008030500080305000870
:100050000305000803050008030500080305000860
:100060000305000803050008030500080305000850
:100070000305000803050008030500080305000840
:100080000305000803050008030500080305000830
:100090000305000803050008030500080305000820
:1000A0000305000803050008030500080305000810
:1000B0000305000803050008030500080305000800
:1000C00003050008030500080305000803050008F0
:1000D00003050008030500080305000803050008E0
:1000E00003050008030500080000000003050008E0
:1000F00003050008030500080305000803050008C0
:1001000003050008658D00080305000803050008C5
:100110000305000803050008BD9D0008030500084D
:10012000030500080305000803050008030500088F
:10013000030500080305000803050008030500087F
:1001400000000000000000000000000000000000AF
:10015000030500080305000803050008030500085F
:10016000030500080305000803050008030500084F
:10017000030500080305000803050008000000004F
:10018000030500080305000803050008030500082F
:10019000030500080305000803050008030500081F
:1001A000030500080305000803050008030500080F
:1001B00003050008030500080305000803050008FF
:1001C00003050008030500080305000803050008EF
:1001D000030500084587000803050008030500081B
:1001E00003050008030500080305000803050008CF
:1001F00003050008030500080305000803050008BF
:1002000003050008030500080305000803050008AE
:10021000030500080305000803050008030500089E
:10022000030500080305000803050008000000009E
:10023000030500080305000800000000030500088E
:10024000030500080305000803050008030500086E
:10025000030500080305000803050008030500085E
:10026000030500080305000803050008030500084E
:10027000030500080305000803050008000000004E
:10028000030500080305000803050008000000003E
:10029000000000000305000800F002F800F0B2F8CA
:1002A0000AA090E8000C82448344AAF10107DA45D1
:1002B00001D100F0A7F8AFF2090EBAE80F0013F071
:1002C000010F18BFFB1A43F001031847D0070100C4
:1002D000F00701000A444FF0000C10F8013B13F046
:1002E000070408BF10F8014B1D1108BF10F8015B8F
:1002F000641E05D010F8016B641E01F8016BF9D182
:1003000013F0080F1EBF10F8014BAD1C0C1B09D1D8
:100310006D1E58BF01F801CBFAD505E014F8016B4A
:1003200001F8016B6D1EF9D59142D6D370470000DC
:100330000023002400250026103A28BF78C1FBD8EE
:10034000520728BF30C148BF0B6070476E2900F0CC
:100350005484702900F0B585662910F02A8165293A
:1003600010F02781672910F02481612910F0238182
:1003700003681B0A28BF41F08001692900F0B6819B
:10038000642900F0B381752900F0B0816F2900F075
:100390004285782900F08185E92900F0DD84E4298F
:1003A00000F0DA84F52900F0D784EF2900F03F85CA
:1003B000F82900F080850368DB0928BF41F080013F
:1003C000632900F05E84732900F06384E32901F05F
:1003D0006381F32901F06881002070471FB510F098
:1003E000E3F801F0B7F904000020002110F0C6F88E
:1003F000401C60600020002110F0AAF8E0601FBDE2
:1004000010B510BD01F078F91146FFF7E7FF0DF0C8
:1004100059FB01F055FA03B4FFF7F2FF03BC01F0FA
:100420008DFA00002C4B19680868B0E8F04F80F393
:100430000988BFF36F8F4FF0000080F31188704779
:100440000000000008480068006880F308884FF04A
:10045000000080F3148862B661B6BFF34F8FBFF31C
:100460006F8F00DF00BF00BF08ED00E0DFF80C0079
:10047000016841F470010160704700BF88ED00E041
:10048000EFF30980BFF36F8F134B1A681EF0100F44
:1004900008BF20ED108A20E9F04F106009B44FF03A
:1004A000500080F31188BFF34F8FBFF36F8F0EF0B2
:1004B000D3FF4FF0000080F3118809BC1968086869
:1004C000B0E8F04F1EF0100F08BFB0EC108A80F3B8
:1004D0000988BFF36F8F704734000024EFF3058065
:1004E000704700000A4880470A4880470A4800478A
:1004F000FEE7FEE7FEE7FEE7FEE7FEE7FEE7FEE7D4
:10050000FEE7FEE705480649064A074B704700002C
:10051000B52C0008C59C000899020008703C022414
:1005200070420224703E0224703E022453EA020C00
:1005300000F069802DE9F04B4FF00006002B1FBF43
:10054000B3FA83F503FA05F424FA05F65E4012BF08
:100550001643B2FA82F502FA05F4C5F120051EBF72
:1005600022FA05FC44EA0C04203556EA044C4FEA12
:10057000144418BF641C4FF000084FF0000990426B
:1005800071EB030C39D3002919BFB1FA81F701FAD5
:1005900007F6B0FA80F700FA07F6C7F120071EBF8A
:1005A00020FA07FC46EA0C062037B6FBF4FCA7EB62
:1005B0000507103F07F01F0BCBF120060CFA0BFBD1
:1005C0002CFA06F644BFB3460026202FA4BF5E4691
:1005D0004FF0000B5BEA060C08BF4FF0010B19EB64
:1005E0000B09ABFB027C48EB0608C01B06FB02CCE8
:1005F0000BFB03CC71EB0C01C1E70B4602464146F5
:100600004846BDE8F08B13B54FF000004FF00001F5
:10061000AFF30080BDE81C40704710B54C1084EA71
:10062000530404D54042C1F1000138BF491E1B42AA
:1006300004D55242C3F1000338BF5B1EFFF776FFBB
:1006400014F0804F04D04042C1F1000138BF491E70
:1006500014F0004F04D05242C3F1000338BF5B1EB8
:1006600010BD00007CB51D4616460C00009001D060
:100670002044401E074B7B442A4669460190304681
:1006800000F0D5FA05461CB10020694600F0E2FAF8
:1006900028467CBDE505000070B50C460546012ADC
:1006A00005D02878800600D5EA69002302E00123FE
:1006B00005E05B1C934202D2E05C0028F9D1A869F6
:1006C000E618C01AA861286A18442862284600F073
:1006D00002FA04E0D5E9012114F8010B9047B44275
:1006E000F8D3284600F00DFA70BD00002DE9F04166
:1006F0000646002410687529314616A510D000F072
:1007000011FA002802DA404213A507E031688A078F
:1007100001D512A502E0490704D511A5012401E085
:1007200000F009FA00210A2206F1240709E0B0FBD3
:10073000F2FCB0FBF2F302FB1C0030307854184698
:10074000491C0028F3D123462A463046BDE8F04133
:1007500000F0FAB9000000002D0000002B0000009E
:10076000200000002DE9F05F894604464FF0000AA2
:10077000DFF874B1FB44C0F820A02046E168884748
:10078000002874D0252806D0D4E901219047206A9A
:10079000401C2062F1E700265F462046E16888475A
:1007A0002028054607DB312D05D2781910F8200CDA
:1007B00008B10643F1E7B00701D526F00406C4F8F6
:1007C0001CA00027C4F818A02A2D09D028460CF038
:1007D00071FA38B304EB8708303DC8F8185019E0B7
:1007E00059F8041B204604EB87029161E1688847B1
:1007F000012F054618D1E069002820DA26F02006EE
:100800001DE0D8F8180000EB800005EB4000303800
:10081000C8F818002046E168884705460CF04AFAF7
:100820000028EED1012F0AD02E2D08D12046E168F4
:1008300088477F1C0546022F46F02006C4DBA069CE
:10084000002803DA404246F00106A061F00701D01B
:1008500026F010066C2D0BD0682D09D04C2D39D008
:100860006A2D35D0742D35D07A2D33D016E038E08E
:10087000E1682F4620468847B842054609D16C2FCB
:1008800026D04FF48060E16806432046884705463D
:1008900004E06C2F1AD04FF4807006430DB3A5F11D
:1008A0004100192802D8203546F400664A462946F8
:1008B000204626604E46FFF749FD80B101280BD047
:1008C000F61D26F0070000F1080956E74020E4E78E
:1008D0008020D8E70020D6E706F104094DE7284636
:1008E00052E7206ABDE8F09FA001010010B5431C4B
:1008F00002E010F8011B71B18107FAD14FF001320B
:1009000002C88C1A8C4314EAC211F9D0C01A0A0624
:1009100003D0C01E10BDC01A10BD0A0401D0801E35
:1009200010BD0902FCD0401E10BD032A40F23080E9
:1009300010F0030C00F0158011F8013BBCF1020F20
:10094000624498BF11F801CB00F8013B38BF11F8A1
:10095000013BA2F1040298BF00F801CB38BF00F8B8
:10096000013B11F0030300F02580083AC0F0088035
:1009700051F8043B083A51F804CBA0E80810F5E719
:10098000121D5CBF51F8043B40F8043BAFF30080FC
:10099000D20724BF11F8013B11F801CB48BF11F871
:1009A000012B24BF00F8013B00F801CB48BF00F841
:1009B000012B704710B5203AC0F00B80B1E81850F9
:1009C000203AA0E81850B1E81850A0E81850BFF439
:1009D000F5AF5FEA027C24BFB1E81850A0E81850D8
:1009E00044BF18C918C0BDE810405FEA827C24BF2C
:1009F00051F8043B40F8043B08BF7047D20728BFBA
:100A000031F8023B48BF11F8012B28BF20F8023B08
:100A100048BF00F8012B704702F0FF0343EA0322AE
:100A200042EA024200F002B84FF000020429C0F08E
:100A3000128010F0030C00F01B80CCF1040CBCF110
:100A4000020F18BF00F8012BA8BF20F8022BA1EB62
:100A50000C0100F00DB85FEAC17C24BF00F8012B47
:100A600000F8012B48BF00F8012B70474FF000023F
:100A700000B5134694469646203922BFA0E80C5094
:100A8000A0E80C50B1F12001BFF4F7AF090728BF6F
:100A9000A0E80C5048BF0CC05DF804EB890028BFEB
:100AA00040F8042B08BF704748BF20F8022B11F014
:100AB000804F18BF00F8012B704770477047704790
:100AC00010B500F009FA006810BD10B5044600F03A
:100AD00003FA046010BD70B5044685690068C1065C
:100AE00001D5302600E02026C00707D070BDD4E92C
:100AF000012130469047206A401C20626D1EF6D5C9
:100B000070BD70B5044685690078C00707D170BD17
:100B1000D4E9012120209047206A401C20626D1EEC
:100B2000F6D570BD09684A0501D540B27047C905C0
:100B3000FCD500B2704709684A0501D5C0B27047BC
:100B4000C905FCD580B270472DE9F0470D4699469E
:100B50009246044600F124080168880604D5E0693D
:100B600021F01001216000E00120A84201DD471BB7
:100B700000E00027A1697A1902EB0900081AA061B8
:100B80002078C00602D42046FFF7A5FF002608E023
:100B9000D4E901211AF806009047206A401C761C0F
:100BA00020624E45F4DB2078C0060AD52046FFF7C8
:100BB00092FF06E0D4E9012130209047206A401CD2
:100BC0002062381EA7F10107F4DC07E0D4E9012117
:100BD00018F805009047206A401C2062281EA5F1E5
:100BE0000105F3DC2046FFF78CFF2078000602D5D4
:100BF0000220BDE8F0870120FBE711680268006A67
:100C0000530501D508700AE0D30501D5088006E038
:100C1000130603D5C217C1E9000200E008600120F5
:100C20007047000001694A1C02610878704700B5EE
:100C30008FB0CDE901310021059105497944CDE915
:100C4000031011466846FFF78DFD0FB000BD000090
:100C5000E5FFFFFF0A6802F8010B0A607047D1E95F
:100C600000239A4202D2531C0B601070704710B5DB
:100C7000436913B1AFF3008001E0FFF70DFD0120E0
:100C800010BD127800F124010A7000224A7001227E
:100C9000EDE711684FF0FF32E9E700002DE9FF5F53
:100CA00015468A460446DFF8AC80F8440027D8E9A8
:100CB00000103E46CDE9001010E03AF816106A46E2
:100CC00002A800F0F5FC411C07D02178890603D565
:100CD000E269391891420DD80744761C20788006C5
:100CE00002D5E069B84205DDAE42E6DB3AF816000F
:100CF0000028E2D1A069C01BA0612046FFF7EBFEEF
:100D0000D8E90010CDE90010002017E03AF81810DB
:100D10006A4602A800F0CCFCB0F1FF3F81460BD040
:100D200000250DF1080B05E0D4E901211BF80500B1
:100D300090476D1C4D45F7D308F10100B042804645
:100D4000E4DB206A384420622046FFF7DAFEBDE883
:100D5000FF9F00007EFC00002DE9F0418046D21D7F
:100D600022F007020025D2E90002F52915A614D0C9
:100D7000011E72F1000106DA0023D0EB030063EBE1
:100D8000020211A608E0D8F800108B0701D50FA6C3
:100D900002E0490701D50EA601251146002408F1FD
:100DA000240704E000F09CF830323A55641C50EA05
:100DB0000102F7D12B46324621464046BDE8F041BC
:100DC000FFF7C2BE000000002D0000002B00000055
:100DD0002000000030B4002100F1240408E002F0FB
:100DE0000705D208303542EA4372DB086554491CD6
:100DF00052EA0305F3D10468002310A2250707D5A2
:100E0000A40600D421B1C46901230DA2641EC461EB
:100E100030BCFFF799BE10B5044621461068FFF7B5
:100E20008AFE02462046BDE810400023D2E7D21DCC
:100E300022F00701D1E90023CCE700000000000008
:100E400030000000F0B40D460188090502D5214CA0
:100E50007C4402E01F4C7C440E34002100F1240647
:100E600008E002F00F071209E75D42EA03721B096E
:100E70007754491C52EA0307F3D102780023120782
:100E800004D5702D06D009B1022311342246F0BCDE
:100E9000FFF75ABE01231034F8E770B504460D463B
:100EA00021461068FFF747FE024629462046BDE866
:100EB00070400023C6E7D21D22F00703D3E90023C8
:100EC000C0E70368126843F0200303600823C3618E
:100ED0000023B7E7E0FA000000487047103C022406
:100EE00030B5B0F10A024FEA900E71F100034EEAFC
:100EF000817EB0EB0E0061EB91014FEA101E4EEACD
:100F0000017E10EB0E0041EB11114FEA102E4EEA5C
:100F1000016E10EB0E0041EB11214FEA104E4EEA2C
:100F2000014E10EB0E0041EB1141401841F1000160
:100F30004FEAD00040EA41704FEAD10110EB800542
:100F40004FEA810444EA907444EB01046D1944EBC8
:100F50000404521BA3414FF0000348BF0A3200D5DE
:100F600030BD401C41F1000130BD70472DE9FF4FFD
:100F70000C461E464FF0FF378BB0D2E90001DDF87A
:100F800060800A908A46C1F30A5505B93D460021A2
:100F900008464FF00000BAF1000F00F4400005DAF7
:100FA00000EB80004FF4400101EA50004FEA9059F5
:100FB000B9F1010F00DDB9460A9850EA4A000ED097
:100FC00044F61050A5F2FF3545432F14B8F1000F39
:100FD0001ED07542291E1EDDC9F100021CE0B8F1C9
:100FE000010F4FF0000001D0302103E0F24305E093
:100FF0002154401CB042FBDB30460022002121542A
:101000000B99C1F80880C1E900200FB0BDE8F08F4E
:10101000BD1B6D1CDEE74A4600DA694206A800F0F7
:10102000DDFB06AB93E8070003AB83E807005046FF
:101030000A9900F08AFC8DE80700A0F500501F38DF
:1010400000900398002D0ADD42F21F014A46084431
:10105000002303A90390684600F0F3FE09E0A0F521
:1010600000504A461F38002303A90390684600F049
:10107000FDFE8DE807000004000C03D04FF0FF30A8
:10108000410800E01046B8F1000F03D000220092A2
:1010900015461EE0751E05D4FFF722FF303262555B
:1010A0006D1EF9D5B3460122084302D000227F1CF1
:1010B00004E02078302801D100227F1E002A099701
:1010C00084D01DE0112D07DAFFF70AFF3032625598
:1010D0006D1C50EA0102F5D1084302D00098C8B156
:1010E0000EE00021681E05E0235C625C635422541C
:1010F000401E491C8142F7DBAB46A81B401E0990ED
:10110000002004F80B000B98099AC0F80880C0E989
:10111000002B7AE711264FF0000857E72DE9F04F32
:1011200088460446D21D22F0070191B0D1E90001A2
:10113000CDE90A010BF057FB02460B98C00F01D016
:101140002D2007E02068810701D52B2002E0202117
:1011500001EAC000032A099001D0072A05DB0346F3
:101160004146204600F0FAFA0BE12078800601D5CE
:10117000E06900E00620B8F1650F814606D0B8F1BD
:10118000660F18D0B8F1670F70D131E00020B9F1C7
:10119000110F009001DB112301E009F101030AAAFC
:1011A00001A90CA8FFF7E2FEDDE90C70002609F1A9
:1011B0000105834647E001204B4600904FF0004771
:1011C0000AAA01A90CA8FFF7D1FEDDE90DB00C9920
:1011D0005D46002610B909F101000D18B9EB0500B4
:1011E00003D4C0F1FF3609F10105A5EB09002BE09E
:1011F000B9F1010F01DA4FF001090020B9F1110F27
:101200000090484601DD112300E003460AAA01A927
:101210000CA8FFF7ABFEDDE90C704D4600268346B7
:10122000207800070AD4AB4500DA5D4601A8012DFD
:1012300004DD411911F8011C302907D04F4502DAAD
:1012400017F1040F04DA012082460FE06D1EEEE76D
:10125000002F02DCED1B3E4403E0781CA84200DDB9
:101260007D1CB81B00F1010A4FF0004720780007F1
:1012700003D4AA4501DB4FF0FF3A0021B7F1004F3C
:101280000DF143088DF8431024D002202B23002FAA
:1012900001DA7F422D230A21021EA0F1010000DCA9
:1012A0005FB197FBF1FC97FBF1F201FB1C7C174649
:1012B0000CF1300C08F801CDEEE7A8F10100037045
:1012C0002188090501D5452100E06521A0F101082B
:1012D00000F8011C09980FA9A1EB0807FF1D00B138
:1012E0000120411901EBEA70A1693844081A401E37
:1012F000A0612078C00602D42046FFF7ECFB0998D5
:1013000028B1D4E901219047206A401C206220784E
:10131000C00622D52046FFF7DEFB1EE0002E04DBD0
:10132000B34502DD01A8805D00E03020D4E9012151
:101330009047206A401C2062761CAAF101005FEAF7
:10134000000A0AD100F006FAC0680168405CD4E9DE
:1013500001219047206A401C2062281EA5F101054A
:10136000DCDC07E0D4E9012118F8010B9047206A82
:10137000401C2062381EA7F10107F3DC2046FFF76E
:10138000C0FB032011B041E62DE9F04F04460D46A5
:10139000D21D22F0070089B0D0E9009748463946AF
:1013A0000BF021FA0246F80F01D02D2307E0206848
:1013B000810701D52B2302E0202101EAC0038DF82B
:1013C00020300BB1012000E00020032A824601D02A
:1013D000072A04DB2946204600F0C0F93FE12078C7
:1013E000800601D40D2500E0E569C7F30A560D2DEE
:1013F00049DA00214FEA175B08464FF00000002F42
:1014000000F4400007DA00EB80004FF4400100EBED
:10141000D07001EA60008115012901DD4FF0FF3134
:1014200000224FEA850CBCF1180F06D31346ACF12D
:1014300018004FF08052C24003E04FF4801323FAAB
:101440000CF30CF10C0CBCF1200F04D3ACF1200C0C
:1014500009FA0CF001E007FA0CF000294FF00048FF
:1014600001DD18B90FE00ED140450CD319EB02098C
:101470005F4121B9404502D19F4329EA0209BBEBF4
:10148000175F00D0761C2088000502D57B48784481
:1014900002E07A487844193808AA302302F80A3062
:1014A000037C0AF10101002E0AF1020A53546A4634
:1014B00002DC4FF0300101E04FF031014FF0010844
:1014C0008DF8001002D0A6F2FF3603E059EA47017A
:1014D00000D06B4E002D02DC2178090704D54FF0B7
:1014E00002082E218DF80110C44600210BE0C7F33D
:1014F00003433F01C35C491C6D1E02F808300529F7
:1015000008F1010801DA002DF1DC00210CE000EB0C
:101510001973491C1B786D1E082902F808304FEA20
:10152000091908F1010801DA002DF0DC21688B06A9
:1015300002D516E0A8F10108E04505DD02EB08033D
:1015400013F8013C302BF5D0B8F1000F09DD02EBA8
:10155000080313F8013C2E2B03D1090701D4A8F18D
:101560000108002D05DD3E2102F808106D1E08F16E
:101570000108407C002E02F8080008F1010804DA96
:101580002D20764202F8080002E02B2002F8080025
:101590000A214FF47A70864208F101080BDB96FBB2
:1015A000F0F3303302F8083096FBF0F308F101084D
:1015B00000FB136601E0642E0CDB642096FBF0F365
:1015C000303302F8083096FBF0F308F1010800FB15
:1015D000136601E00A2E06DB96FBF1F0303002F8CC
:1015E000080008F1010896FBF1F001FB10603030B3
:1015F00002F80800A16908F1010808EB050202EBF6
:101600000A00081AA0612078C00602D42046FFF71D
:1016100062FA216A08AE01EB0A00206204E0D4E914
:10162000012116F8010B9047BAF1010AF7D2207890
:10163000C00602D52046FFF74EFA6E4609E016F8BE
:10164000010B3E280FD0D4E901219047206A401CAD
:101650002062B8F10108F2D22046FFF752FA09B031
:101660000320BDE8F08F206A2844206203E0D4E91B
:101670000121302090476D1EEBD3F8E7DDF4000028
:1016800002FCFFFF10B5436913B1AFF3008001E026
:10169000FFF704FB012010BD128800F124018284B1
:1016A0000022C2840122EDE711684FF0FF32E9E722
:1016B00070B516460C46054600F044F8036893F8EA
:1016C0000101012806D0FF2C0FD8185D68B1012058
:1016D0002C7070BDD3F807013246214603F2071380
:1016E00003442846BDE8704018474FF0FF3070BDF6
:1016F00000487047103C02247546FFF7F9FFAE46DC
:1017000005006946534620F00700854618B020B50D
:10171000FEF7F8FEBDE820404FF000064FF000074E
:101720004FF000084FF0000B21F00701AC46ACE889
:10173000C009ACE8C009ACE8C009ACE8C0098D46F6
:101740007047000010B500F005F8001D10BD00BF87
:101750002DEE000000487047303C02242DE9F04196
:101760001F46044603260168072A01F4006004DBD3
:1017700008B116A505E016A503E008B115A500E01F
:1017800015A521F010002060A069C01EA0610FB156
:10179000401EA0612046FFF79EF94FB1D4E9012118
:1017A00038469047206A401C2062C01C206206E038
:1017B000206AFAE7D4E9012115F8010B9047761E5B
:1017C000F8D22046FFF79DF9BDE8F0814E414E006A
:1017D0006E616E00494E4600696E66002DE9F04765
:1017E000814616468AB0354878440DC88DE80D000C
:1017F00032487844801C03AC0DC884E80D0041F6E3
:101800009B300844372190FBF1F290FBF1F5A5F1F4
:10181000800501FB12041B3C02D56442012000E05C
:101820000020DFF898A080460027FA44AAF1BE0AFB
:101830000EE0E0070AD03246684607EB4701012375
:101840000AEB810100F012FB8DE8070064107F1C99
:10185000002CEED1194F7F44AE3F19E0E80715D0B8
:1018600007EB04100DF1180A90E80E008AE80E004C
:10187000C068F04201D1981908903246012306A9A8
:1018800003A800F0F3FA03AB83E807006D10641CB3
:10189000002DE3D14FF0010332466946B8F1000F45
:1018A00003A802D000F0CDFA01E000F0DFFAC9E9A8
:1018B0000001C9F808200AB0BDE8F08714F2000062
:1018C00010B50446AFF300802046BDE81040FEF797
:1018D000A2BD00004FF0013C50F8042B51F8043B2E
:1018E0009A4215D1A2EB0C03934313EACC130BD10C
:1018F00050F8042B51F8043B9A4209D1A2EB0C0397
:10190000934313EACC13E7D04FF00000704700BFB9
:10191000D01A01BAB1FA81F101F0180122FA01F0EE
:10192000CB40C1F12001DBB2C0B2C01A2CFA01F3E6
:10193000D11A914311EAC311E6D170470149182029
:10194000ABBEFEE72600020070475FEA400C08BF0E
:1019500091F0000F4FEA8C234FEAC12243EA515124
:101960004FEA1C5018BF00F5F0404FEA300018BF96
:1019700041F000415FEA6C5C00F02980BCF1FF3F60
:1019800008BF40F080407047130C06BF12044FF0B0
:10199000100C4FF0000C130E04BF12020CF1080CD7
:1019A000130F04BF12010CF1040C930F04BF92003B
:1019B0000CF1020CD30F04BF52000CF1010C1146C4
:1019C0004FF00002A0F11F00A0EB0C00704711F0D7
:1019D000004F08BF704731F000413FF4D5AF0B0C0A
:1019E00006BF09044FF0100C4FF0000C0B0E04BFA3
:1019F00009020CF1080C0B0F04BF09010CF1040CD7
:101A00008B0F04BF89000CF1020CCB0F04BF4900FF
:101A10000CF1010CCCF12003A0EB0C0022FA03F333
:101A200002FA0CF241EA030100F10100704720F0D4
:101A30007F4C80EA030023F07F47ACEB070303F5FC
:101A40007C5300F0004003F1FF032DE980494FEA89
:101A5000154B09B44FEA144325EA0B4E24EA034818
:101A60000FF2042606EB132749083E785FEA32029C
:101A700003FB0667C7F5000707FB06F64FEA543776
:101A80004FEAD64606F1020607FB066CCCF1005C75
:101A90004FEA1C472CEA074C07FB06F40CFB06F543
:101AA00004EB15464FEA961634BF00204FF0004075
:101AB0004FEAD13706FB07FC4FEA1C4C0CFB0BF737
:101AC000D21B03FB0CF761EB07010CFB0EF7B0EB2D
:101AD000074072EB17420CFB08F734BFA2EB07423A
:101AE000B2EB074261EB17414FEA0C444FEA910712
:101AF00006FB07FC4FEA1C4C0CFB0BF7B0EBC74096
:101B000072EB573203FB0CF734BFA2EBC742B2EBC8
:101B1000C74261EB57310CFB0EF7B0EBC70072EB1D
:101B200057720CFB08F734BFA2EBC702B2EBC70237
:101B300061EB5771039F4FEA816141EA921104EB17
:101B4000CC044FEAD1374FEA826206FB07FC42EA37
:101B500090124FEA80604FEA1C4C0CFB0BF7D21B33
:101B600003FB0CF761EB07010CFB0EF7B0EB074032
:101B700072EB17420CFB08F734BFA2EB0742B2EB43
:101B8000074261EB17414FEA8C554FEA910704EB8E
:101B90009C2406FB07FC4FEA1C4C0CFB0BF7B0EB3C
:101BA000C74072EB573203FB0CF734BFA2EBC742BE
:101BB000B2EBC74261EB57310CFB0EF7B0EBC7003D
:101BC00072EB57720CFB08F734BFA2EBC702B2EB03
:101BD000C70261EB577115EB4C254FEA816141EA71
:101BE00092114FEA82624FEAD13742EA901206FB25
:101BF00007FC44F100044FEA80604FEA1C4C0CFBE8
:101C00000BF7D21B03FB0CF761EB07010CFB0EF784
:101C1000B0EB074072EB17420CFB08F734BFA2EBA6
:101C20000742B2EB074261EB174115EB1C154FEA77
:101C3000813141EA92414FEA823242EA90424FEAD0
:101C400080304FEA0C7644F1000448EA03434EEA40
:101C50000B484FF0000EB2EB080C71EB030724BFEA
:101C6000624639464EEB0E0E4FF0000B0018524103
:101C700049414BEB0B0BB2EB080C71EB03077BF10B
:101C8000000B24BF624639464EEB0E0E4FF0000BA0
:101C90000018524149414BEB0B0BB2EB080C71EBB6
:101CA00003077BF1000B24BF624639464EEB0E0E54
:101CB00051EA020718BF46F0010616EB0E7655F101
:101CC000000254F1000103D5BDE88901BDE8008898
:101CD000BDE88901BDE80048B619524141EB010158
:101CE000A3F10103704780807F7E7D7C7B7A7978C9
:101CF000777676757473727171706F6E6E6D6C6CD1
:101D00006B6A6A6968686766666564646363626172
:101D10006160605F5F5E5E5D5D5C5C5B5B5A5A59F3
:101D2000595858575756565555555454535352525F
:101D30005251515050504F4F4F4E4E4D4D4D4C4CB7
:101D40004C4B4B4B4A4A4A49494948484847474700
:101D5000474646464545454444444443434343423D
:101D6000424242414141002B9C4630D477002BD067
:101D70001CB54FEA370703B44FF010004FF01001C5
:101D8000BAF1000F06D0BCF1000FDCBF40F0080034
:101D900040F008014FF000000FBCBDE810400BF10F
:101DA000010BBBF1010F08BF5FEA170722BF12F159
:101DB000010211F101014FF0004143F1000300F075
:101DC000004043EA00007047F9D35708D0E746EADD
:101DD000064613F1400F4FEA16461FDD13F1200FA0
:101DE000DFBF16430A46002120335B42BED0C3F159
:101DF000200746EA064602FA07F74FEA164646EA81
:101E00000706C3F1200722FA03F201FA07F721FAC5
:101E100003F14FF0000342EA0702A7E746EA020691
:101E200046EA06464FEA164646EA0106BCBF46EABF
:101E30000646360C4FF000034FF000024FF0000151
:101E400094E72DE9804C9A46934670B491E83800A7
:101E500007C831EA400C48BF34EA430C03D5FFF70A
:101E6000E6FDFFF780FFF0BCBDE8008C2DE9804C5B
:101E70009A46934670B491E8380007C810F0804F36
:101E800008BF13F0804F03D100F005F8FFF76BFF98
:101E9000F0BCBDE8008C20F07F4780EA030023F00F
:101EA0007F4C07EB0C03A3F57C5300F00040A3F13B
:101EB000FE0392F0000F00F0B38095F0000F00F0E9
:101EC00077802DE901494FEA11404FEA144621EA93
:101ED000004800FB06FC24EA064708FB06F607FB61
:101EE00008F800FB07F718EB06484CEB164C4FEAD6
:101EF000124B18EB07484FEA15464CEB174022EA05
:101F00000B4E0BFB06FC25EA06470EFB06F607FB0D
:101F10000EFE0BFB07F71EEB064E4CEB164C4FF07C
:101F200000061EEB074E4CEB174B18EB0B0840F16D
:101F3000000018EB0E0B58EB000840F100008F1A60
:101F40004FF000013CBFC943661B14BFB5EB040C46
:101F500000213CBFC943F61B4FEA17444EEA8E0EE0
:101F600027EA04454FEA1C4704FB07622CEA074CAA
:101F700005FB07F70CFB05F604FB0CFC16EB07460C
:101F800042EB174216EB0C4642EB1C421BEB0606DB
:101F900058EB0202414146EA9E0601D5BDE801899F
:101FA000B619524141EB0101A3F10103BDE80189DA
:101FB0004FEA14454FEA114724EA054621EA074C47
:101FC00005FB07F406FB07F70CFB06F105FB0CFC11
:101FD00011EB074144EB17444FEA124711EB0C4158
:101FE00044EB1C4422EA074C05FB07F206FB07F70B
:101FF0000CFB06F605FB0CFC16EB074642EB174202
:1020000016EB0C4642EB1C456A1854F1000148BF20
:102010007047B619524141EB0101A3F1010370472A
:1020200095F0000F37D04FEA11424FEA144721EAEA
:10203000024624EA074C02FB07F106FB07F70CFBFC
:1020400006F402FB0CFC14EB074441EB17414FEA8A
:10205000154714EB0C4441EB1C4125EA074C02FBED
:1020600007F506FB07F70CFB06F602FB0CFC16EB6C
:10207000074645EB174516EB0C4645EB1C4212197B
:1020800051F1000148BF7047B619524141EB0101BF
:10209000A3F1010370474FEA14454FEA114724EAC0
:1020A000054621EA074C05FB07F106FB07F70CFB89
:1020B00006F24FF0000605FB0CFC12EB074241EB69
:1020C000174112EB0C4251EB1C4148BF704792186C
:1020D00041EB0101A3F101037047000010B50400BA
:1020E0000CD00BF04BF9002807D1054924222046DB
:1020F000FEF760FC0BF05CF9002010BD042010BD61
:102100007034022410B504000CD00BF037F900280D
:1021100007D1054824222146FEF74CFC0BF048F974
:10212000002010BD042010BD703402247CB53F4D4A
:1021300000208DF804008DF8000028700AF03CFEA5
:1021400000286AD10AF084FE39490720C860084691
:1021500004F004FB10B100F082FA16E00AF0B1FDC1
:10216000040055D1B6217E200AF018FE04004FD19C
:1021700032200AF03FFE0AF0A4FD040048D101AE6F
:10218000002031460AF0EAFD08B1044640E030780C
:102190001E2807D002200AF02DFE641C052CEFD368
:1021A0000220F2E7002069460AF096FE04002FD1D3
:1021B0009DF800000F2801D0022429E004217D2091
:1021C0000AF0ECFD040023D105200AF013FE0021E3
:1021D0007C200AF0E3FD04001AD132200AF00AFE46
:1021E000012141200AF0DAFD040011D1AB21402089
:1021F0000AF0D4FD04000BD100210F200AF08CFE60
:10220000040005D1022110200AF086FE040005D04A
:102210000AF01EFE0AF0E0FD20467CBD0120287079
:102220000AF016FE0AF0D8FD00207CBDF101002462
:10223000440300242DE9FC41060014460D461AD043
:10224000CDB1C4B123480078B8B10AF0B5FD00287B
:102250000FD1009001900AF091FD062269461220EC
:102260000AF048FD07460AF0F3FD0AF0B5FD37B164
:102270003846BDE8FC810420FBE70520F9E7BDF9FD
:102280000020BDF9040002EE102A00EE900ADFEDF6
:10229000121AB8EEC22AF8EEE02ABDF902100020A8
:1022A0009FED0E0AC2EE210A01EE101AB8EEC11A15
:1022B00081EE212A60EE800AC6ED000A82EEA11AA4
:1022C00062EE001AC5ED001A21EE000A84ED000A44
:1022D000CFE70000F101002400A0AA450AE81C4154
:1022E0002DE9FC41060014460D461AD0CDB1C4B10B
:1022F00023480078B8B10AF05FFD00280FD10090A4
:1023000001900AF0F9FD0622694602200AF0B0FDAC
:1023100007460AF09DFD0AF05FFD37B13846BDE87B
:10232000FC810420FBE70520F9E7BDF90020BDF999
:10233000040002EE102A00EE900ADFED121AB8EE49
:10234000C22AF8EEE02ABDF9021000209FED0E0A25
:10235000C2EE210A01EE101AB8EEC11A81EE212A4E
:1023600060EE800AC6ED000A82EEA11A62EE001A43
:10237000C5ED001A21EE000A84ED000ACFE7000047
:10238000F10100246F12834135FA8E3C7CB50400C4
:1023900009D0184D687840B10AF0A8FE002803D192
:1023A000A87820B108E004207CBD05207CBD01A8F0
:1023B0000AF0CCFE050006D103226946F7200AF098
:1023C000AFFE050003D00AF003FF28467CBD684637
:1023D0000AF09CFE0AF0CAFD00EE100ADFED060AC4
:1023E000B8EE400A20EE200A84ED000A0AF0F0FE62
:1023F00000207CBDE80100240000803B10B50400F3
:102400000ED00948407868B10AF070FE002806D165
:1024100020460AF09BFE04460AF0DAFE204610BD74
:10242000042010BD052010BDE8010024014601482C
:1024300003F0E6BDC8020024044810B503F0F2FD25
:10244000042801D0012010BD002010BDC8020024C6
:1024500010B500F015F8012801D0022010BD074882
:1024600003F07CFF040006D104484FF4804103F0E0
:1024700023FC00B10124204610BD0000C802002446
:1024800008B501208DF800009DF8000008BD00008F
:1024900013460A4610B500240146034804F07EF8AE
:1024A00000B10124204610BDC802002408B5012057
:1024B00069460023ADF800001A46024840680BF058
:1024C00007FD08BD0802002413460A4610B5002483
:1024D0000146034804F0D6F800B10124204610BD9F
:1024E000C802002408B5022069460023ADF80000A8
:1024F0001A46024840680BF0EBFC08BD08020024B5
:10250000FEE70020704700207047000005490022C8
:10251000054810B508F07AFD0449034808F069FD44
:10252000002010BD382502245C180224381D022426
:102530000146044810B508F05CFD024808F032FD81
:10254000002010BD5C1802240020704770B5EEB06A
:102550000C2168466CAA0CF065FC050036D06C981E
:1025600080B300246E462FE00DF04CFD04EBC40157
:1025700056F82110884226D104EBC40006EB8000F7
:1025800083691648017819B3D0E901216C9CC0E930
:102590000143A21AA3EB010118D0914200D91146C0
:1025A0004FF064040020531A41084FEA3200E3FB65
:1025B00004014FF00003FDF7B9FF642800D964203F
:1025C0006EB070BD02E0641CAC42CDD30020F7E7D2
:1025D000012101706C99C0E90113F7E7CC010024D7
:1025E00010B5064C606920B905480BF0D5FC606158
:1025F00008B1002010BD052010BD0000B40100246A
:10260000D8060108704700000C4870B50C490068F6
:10261000884201D0042070BD0A4C0025606820B9B2
:1026200009480BF0B9FC606020B10120A560207062
:10263000002070BD0520257070BD0000A00400249E
:1026400000100140D8010024E80601080FB410B5BD
:1026500004AA03990AF0C6FE10BC5DF814FB00281A
:1026600004D0022801D0032800D00120704719B1FE
:1026700090ED040A81ED000A1AB190ED050A82ED91
:10268000000A002B03D090ED060A83ED000A704784
:1026900070B50D001E4614462DED068BF7EE008A30
:1026A000B0EE009AD0ED00AA90ED01AA90ED028A5A
:1026B000D0ED039A11D02AEE0A0A2AEE8A1AF0EE19
:1026C000680A08EE080A08EE291A40EE490A21EEC7
:1026D000090A0AF061F985ED000A4CB12AEE880A70
:1026E00009EECA0A20EE090A0AF0BAF884ED000AD7
:1026F000002E11D028EE080A2AEEA91A09EEA90A1E
:102700000AEE081A40EE498A21EE090AF0EE680A3C
:102710000AF042F986ED000ABDEC068B70BD0000A0
:1027200010B5F02104462DED048BB0EE618AF0EE79
:10273000418AB0EE609AF0EE409AFEF797F9B7EE54
:10274000000ADFED140A002084ED000AC0EBC0018E
:1027500004EB810101EB8001401C0428C1ED070A54
:10276000F4DB0420DFED0C0AC0EBC00104EB8101B7
:1027700001EB8001401C0728C1ED070AF4DBC4ED22
:10278000389A84ED399AC4ED3A8A84ED3B8ABDECDF
:10279000048B10BD0AD7233CCDCCCC3D10B5B6EE92
:1027A000003A04462DED0A8BF0EE61CAECB02CEE37
:1027B000838AD0ED042A90ED052AD0ED061A30EE7A
:1027C00062CAD0ED008AD0ED01AA70EEC2BA31EE35
:1027D00061BAD0ED029A68EE8C0A6AEECC1A28EE45
:1027E000AB1A90ED039A49EE8B0A49EEEB1A28EEEC
:1027F0008B0A0AEECB1AB0EE6AAAB0EE682A0AEE8D
:10280000AB0A49EE6B0A49EE4B1A09EE0C1A09EEB7
:10281000CC0A08EE20AA08EE212AF0EE690A48EE5A
:10282000010AB0EE491A84ED002A08EE001A22EEE1
:10283000020A84ED01AAC4ED020A0AEE0A0A84ED36
:10284000031A00EEA00A01EE010A0BF08FF894EDD6
:10285000001A94ED012AD4ED021AD4ED030A21EEF8
:10286000001A22EE002A61EE801A20EE800A84ED22
:10287000001A84ED012AC4ED021AC42184ED030A72
:1028800036A8FEF7F3F85FF00000B7EE000A36A9AD
:10289000C0EBC00201EB820202EB8002401C072861
:1028A00082ED000AF4DB28EE0C1A28EE0B0A28EE63
:1028B0006B7A68EE2B0A8DED3D1A68EE4B7A8DED42
:1028C0003F0A8DED407ACDED440ACDED457A28EEF4
:1028D0004C3A8DED471A68EE683A8DED4B0ACDED16
:1028E0004C0A8DED4D3A68EE092ACDED413A3AA8F1
:1028F00068EE2A1A28EE292A28EE694AC0EC031A43
:1029000068EE494A28EE685ACDED422A8DED434AD9
:1029100028EE68AACDED484A68EE6A8A8DED495ADC
:10292000CDED4A1A8DED4F2ACDED508A68EE4B6AF7
:102930008DED51AA68EE4C5A37AA684628EE6B6AAC
:10294000C421C2EC035AFEF791F894ED380AD4ED95
:10295000390A5FF00000694620EE000A60EEA00A26
:1029600020EE2C0A60EEAC0AC0EBC00201EB820242
:1029700002EB8002401C042882ED000AF4DB0420F4
:10298000C0EBC00201EB820202EB8002401C072870
:10299000C2ED000AF4DB04F11C000A4636A90AF075
:1029A0007FFC6CB0BDEC0A8B10BD000030B5044656
:1029B0002DED108BB0EE40EAF0EE60DA2EEE0E0A4E
:1029C000B0EE41DAB0EE43CAF0EE62AA0DEEAD0A07
:1029D000B0EE42BAF0EE61CAD0ED009A90ED019AE5
:1029E000D0ED028A0DEE0D0AD0ED03BA9FB00AF0C9
:1029F000BDFFB5EEC00AAB4DF1EE10FAB0EE008AA5
:102A0000B8EE00AA7EDD10EE100AA8427ADA69EE6E
:102A1000A91A69EE2B2A29EE892A2EEE001A49EE10
:102A2000491A49EEE82A08EEAB2A6DEE800A2DEE2F
:102A3000000A94ED3A3A48EEE81A62EE882A22EE4D
:102A4000082A1C2123EE03EA71EE62FA4BEEAB1A60
:102A500030EEC2FA04A870EE61EAFEF707F868EEFD
:102A60008ADA6BEE88BA29EE8A0A29EE08DACDED09
:102A700004DACDED05BA8DED060A1C218DED07DADD
:102A80000CA8FDF7F3FF28EE880A69EE888A8DED21
:102A90000CDA1C21CDED0D8ACDED0EBA8DED0F0AAD
:102AA00013A8FDF7E3FF29EE0A0ACDED138AF0EE35
:102AB0004E0A8DED140ACDED15DACDED16BAB0EE55
:102AC0006F0A04A920460CF059F894ED010AD4EDE0
:102AD000000A94ED021A20EE080AD4ED031A60EE03
:102AE000880A8DED0C0A61EE881A21EE081ACDEDE8
:102AF0000D0ACDED0E1A8DED0F1AF0EE4E0AB0EE66
:102B00004F0A00E02BE00CA920460CF037F894EDBA
:102B1000001AD4ED010AD4ED021A21EE081A94ED40
:102B2000030A60EE8A0A61EE8A1A8DED131A20EE0E
:102B3000080ACDED140ACDED151A8DED160AF0EE4A
:102B40004E0AB0EE6E0A13A920460CF017F8D4ED29
:102B5000009A94ED019AD4ED028AD4ED03BAB5EE51
:102B6000C0CAF1EE10FA7DDD2CEEAC0A0BEE0B0ABA
:102B70000AEEAA0A0AF0FAFEB5EEC00AF1EE10FA61
:102B800070DD10EE100AA8426CDAB6EE00DA69EEDB
:102B9000280AF0EE4DDA2BEE00EA48EEE8DA09EE0C
:102BA00049DA6CEE80CA6AEE80AAB0EE600A29EEBD
:102BB0002BBA4BEEEBDA09EEAB0A49EEEB0AF0EE7C
:102BC0004D2A68EEABEA4BEEEB2A2DEEAC1AF0EE96
:102BD0004B1A20EE2C0A49EEA81A0EEE201AB0EE7F
:102BE0006E2A0EEE220A09EEC92A0AEEA11A0AEE90
:102BF000820A21EE081A60EE080A21EE010A00EEB0
:102C0000A00A0AF023F809EEE8BA49EE89EA08EECC
:102C1000E8DAF9EE002A6DEE801A20EE220A6BEE59
:102C20002C0A9FED222A9FED201A60EE282A4EEEF4
:102C30002E0A20EE2B3A3CEE022A4AEE8D0A20EEB6
:102C4000880A60EE080A60EE0A3A40EE0B1A40EE7F
:102C5000E92A23EEA80A00EE893A60EEAB0A8DED70
:102C6000040A00E019E0CDED050ACDED062A8DED50
:102C7000073A8DED0A1A8DED091A8DED081AD4ED7B
:102C80003B0A21EE880A04A9204620EEA01A3CEE59
:102C9000C00AC1EE020A0BF071FF1FB0BDEC108B31
:102CA00030BD00000024744900000000BD378635A7
:102CB00072B6FEE7054805490839026842F002028B
:102CC000026008688004FCD5704700000C48025878
:102CD000002200F001B800000E4B70B505465C7A8A
:102CE0000120002C14D15E7A03F108009C555E7A15
:102CF00003EB860675605D7A2A54587A421C5A7234
:102D00003A232F22303008704B7020468A70CC70E6
:102D100070BD0000043C022470B5044600F03CF98C
:102D20000546601C02D004480078044400F034F9E1
:102D3000401BA042FAD370BD200000242DE9F84FBB
:102D400003247F4D00234FF001094FF0B04B4FF0AB
:102D50000F0AEDE009FA03F632407AD00F7907F056
:102D60000307012F01D0022F19D187684FEA430EC4
:102D7000D1F80CC004FA0EF827EA08070CFA0EFC8A
:102D80004CEA070CC0F808C0D0F804C00F792CEA50
:102D9000060CC7F300179F4047EA0C0747600E79FF
:102DA000F643B60702D18E68012E0BD0C6684FEAF3
:102DB00043088F6804FA08FC26EA0C0607FA08F7AD
:102DC0003743C7600E7906F00306022E12D1DE08E3
:102DD0000F694FEA437C00EB8606B646366A4FEA37
:102DE000DC6C0AFA0CF807FA0CF726EA08063743F7
:102DF000CEF820700F7906684FEA430807F0030702
:102E000004FA08FC07FA08F726EA0C0637430760BD
:102E10004E6816F4403F1CD04A4E376847F0020710
:102E2000376036689F0706F00206009623F0030617
:102E300006F1B046B6463F0FD6F80864DFF80881C1
:102E40000AFA07FC404526EA0C0603D14FF0000CB5
:102E500041E06CE0DFF8F4C0604502D14FF0010CB6
:102E600039E0DFF8ECC0604502D14FF0020C32E0EF
:102E7000DFF8E0C0604502D14FF0030C2BE0DFF833
:102E8000D8C0604502D14FF0040C24E0DFF8CCC07C
:102E9000604502D14FF0050C1DE0DFF8C4C060456D
:102EA00002D14FF0060C16E0DFF8B8C0604502D141
:102EB0004FF0070C0FE0DFF8B0C0604502D14FF0D3
:102EC000080C08E0DFF8A4C0604502D14FF0090CFF
:102ED00001E04FF00A0C0CFA07FC4CEA060CCEF8A5
:102EE00008C44F68DBF80060FF0226EA020600D53E
:102EF00016435F46CBF80060D1F804C0DBF80460ED
:102F00005FEA8C2C26EA020600D516437E606E68C6
:102F10004F6826EA0206BF0300D516436E602E688E
:102F20004F6826EA0206FF0300D516432E605B1C9D
:102F30000A6832FA03F67FF40DAFBDE8F88F00009F
:102F400080000058F444025800000258000402585F
:102F500000080258000C02580010025800140258D1
:102F600000180258001C0258002002580024025881
:102F7000426921EA02030A4043EA02418161704743
:102F80000AB1816170470904FBE70000014800684D
:102F9000000C70470010005C01488068704700001A
:102FA0002000002430B590F84120202A24D190F848
:102FB0004020012A20D0012380F84030242280F8CC
:102FC0004120202300240268156825F001051560C2
:102FD0000268156825F480551560026815680D4370
:102FE000156001680A6842F001020A6080F8413009
:102FF00080F84040002030BD022030BD30B590F850
:103000004120202A22D190F84020012A1ED00123FD
:1030100080F84030242280F84120202400250268D6
:10302000136823F0010313600268136823F47063CC
:1030300043EA0121116001680A6842F001020A6056
:1030400080F8414080F84050002030BD022030BD63
:1030500070B5040004D094F84100002510B106E0DA
:10306000012070BD204684F8405000F0AFF92420C4
:1030700084F841002068016821F001010160D4E971
:10308000001020F0706008612068816821F4004120
:103090008160E06821680128A06830D040F40440D5
:1030A0008860E0680228206841682BD021F4006124
:1030B000416020682021154A43681343436020681B
:1030C000C26822F40042C26054F8106B0DCC104369
:1030D00040EA0320F06054F81C3CD4E9000210439D
:1030E000186054F81C0D026842F001020260656429
:1030F00084F84110256384F84250002070BD40F4EC
:103100000040CDE741F40061D2E7000000800002FA
:103110002DE9FF4F83B0044690F841009A4693464C
:10312000DDE91087DDF84890202874D15FEA0800B7
:1031300014D09FB194F8400001286CD0012084F88D
:103140004000FFF729FF0122064619230090D10312
:10315000204604F0C9FD002871D103E04FF400704F
:1031600060646CE00025C4F82480222184F84110BA
:10317000402084F8420065646785534665635A467B
:1031800004992046CDE9009604F032FD10B184F890
:10319000405054E0618DFF2734484FF08078FF297C
:1031A0004FF0007A04D927853A464346009005E05F
:1031B000618D53462185009094F82820204604997B
:1031C00004F07AFD00224B4604212046009604F0CC
:1031D0008BFDA0BB2068616A406A0870606A401C71
:1031E0006062208D401E81B22185608D401E608509
:1031F000608DD8B1D1B900224B468021204600967F
:1032000004F072FDD8B9608DFF2805D927853A46AC
:103210004346009506E026E0608D534620850095E4
:1032200094F828202046049904F046FD608D00287B
:10323000C8D132464946204604F094FD18B1012019
:1032400007B0BDE8F08F21682020094AC8612168D5
:103250004B6813404B6084F8410084F842500020D2
:1032600084F84050ECE70220EAE7000000240080E8
:1032700000E800FE2DE9FF4F83B0044690F84100BE
:103280009A469346DDE91087DDF84890202871D1F1
:103290005FEA080014D09FB194F84000012869D07B
:1032A000012084F84000FFF777FE0122064619232B
:1032B0000090D103204604F017FD00286ED103E0F2
:1032C0004FF40070606469E00025C4F82480212177
:1032D00084F84110402084F84200656467855346B5
:1032E00065635A4604992046CDE9009604F0B2FC85
:1032F00010B184F8405051E0608DFF274FF0807886
:10330000FF284FF0007A04D927853A4643460095B6
:1033100005E0608D53462085009594F828202046CE
:10332000049904F0C9FC32464946204604F046FDA3
:10333000A0BB606A216800788862606A401C606295
:10334000608D401E6085208D401E80B22085618D7D
:10335000D9B1D0B900224B4680212046009604F016
:10336000C3FCD8B9608DFF2805D927853A46434666
:10337000009506E026E0608D53462085009594F880
:1033800028202046049904F097FC608D0028CAD1BB
:1033900032464946204604F0E5FC18B1012007B04A
:1033A000BDE8F08F20682021074AC161206843688A
:1033B0001340436084F8411084F84250002084F8A0
:1033C0004050ECE70220EAE700E800FE2DE9F0417A
:1033D000B6B00446142130A8FDF748FBC02168466A
:1033E000FDF744FBDFF8E480122639490427206802
:1033F0000024364D08F10808884227D10020219486
:103400000821CDE90010684601F07CFA08B1FFF709
:103410004FFC286840F002002860286830A900F0BE
:1034200002003590C0203090CDE931642948CDE9C3
:103430003347FFF783FCD8F8001041F40011C8F8B7
:103440000010D8F8000000F400103BE02249884248
:1034500039D1002021940821CDE90010684601F0FF
:1034600051FA08B1FFF724FC286840F0800028607A
:10347000286800F080003590286840F0010028603E
:1034800028684FF48075309530A900F00100CDE92F
:1034900031643394CDE934701048FFF74FFC309518
:1034A00030A9CDE931640E48CDE93347FFF746FC3A
:1034B000D8F8001041F40001C8F80010D8F8000056
:1034C00000F40000359036B0BDE8F081E0440258C9
:1034D0000054004000040258005C0040001C0258E8
:1034E00000000258024881680278114481607047E8
:1034F00020000024032010B500F0FEF802F07AF856
:103500000F4A104914681368C4F3032203F00F0331
:103510008A5CC95C02F01F0201F01F01D0400A4A18
:1035200020FA01F11160094908600F2000F010F83D
:1035300008B1012010BD00F09FF8002010BD000070
:1035400018440258C8060108300000242C0000244A
:1035500010B5102804468AB02CD20022014636202D
:1035600000F0AAF8362000F099F8174804601748D0
:10357000016841F010010160006809A900F0100025
:103580000890684601F0C2FF0598B0B102F00EF84D
:1035900040000F4900220F4CB0FBF1F10E4840F201
:1035A000E7330460C0E90332491EC0E9011203F0A9
:1035B00039FD28B101200AB010BD01F0F7FFE8E79E
:1035C000054803F075FDF6E724000024E84402589E
:1035D00040420F000010004034050024154BF0B5A8
:1035E000083B427813491A600B680A1F23F0010355
:1035F0000B6043681360057BC67A827A437B2D0794
:10360000847B45EA0665C77B90F809C0067A90F886
:1036100000E045EAC24040EA834040EA444040EAD4
:10362000074040EA0C2040EA460040EA0E000860ED
:10363000F0BD0000A0ED00E0BFF35F8F0448002163
:103640000368034A23F480330360703211607047CB
:1036500024ED00E0074A40F0010006497032106096
:10366000086840F480300860BFF34F8FBFF36F8F5E
:103670007047000024ED00E0074882B0016841F087
:1036800002010160006800220F2100F0020000909A
:10369000901E02B000F010B8F4440258002809DB74
:1036A000410900F01F028900012001F1E021904052
:1036B000C1F80001704700000E4BF0B41B680D46C6
:1036C000C3F30223C3F10706042E00D90426191DF3
:1036D000072901D2002300E0DB1E012404FA06F1D1
:1036E0009C40491E2940641E994014402143F0BC6F
:1036F00009F0A4B80CED00E0064900F0070210B58F
:103700004FF6FF040868044B204040EA02201843AB
:10371000086010BD0CED00E00000FA05016801230F
:10372000C0F8D834002280F8CC248869044A40F0DC
:1037300000608861486D10434865002070470000B4
:103740000300001070470068416200207047F0B528
:1037500003685D6A39B19F6A4C1E00204FF482767F
:1037600005EB17450BE045EA0240986210E0471C64
:1037700006EB800053F800C0F8B205EB1C45A042F0
:10378000F5D34FF4807000EB810045EA02421A50F5
:103790000020F0BDD0F8E00407F02CBF01EBC1021F
:1037A00000EB8202D0F8E004126A07F07CBE01EB65
:1037B000C10200EB8202D0F8E004D2F8602207F0E8
:1037C000CEBED0F8E00407F017BF0A0601F00F01E3
:1037D00001EBC10100EB810101D5143101E001F5DC
:1037E0001571006808F012BE01F00F020B0670B5EB
:1037F00002EBC20104464FF001004FF0000504EB5C
:10380000810102D54875143103E081F8555201F564
:1038100015710A7094F89424012A08D084F894044D
:10382000206808F011FB002084F8945470BD022039
:1038300070BD70B50279044601F00F00904201D9C5
:10384000012070BD01F00F024FF000050B0602EBE6
:10385000C2014FF0010204EB810102D54A75143117
:1038600003E081F8555201F515718D70087094F8D8
:103870009404012808D084F89424206808F04EFCB1
:10388000002084F8945470BD022070BD01F00F0137
:1038900001EBC10100EB8100D0F8680270472DE90F
:1038A000F04101F00F0604460D064FF0010006EB53
:1038B000C6014FF0000504EB810102D548751431B3
:1038C00003E081F8555201F51571C2F30A024F78F1
:1038D0000B718A600E7007B14E83022B00D14D71BF
:1038E00094F89424012A09D084F89404206808F0FC
:1038F000E9F9284684F89454BDE8F0810220FBE7FA
:1039000070B501F00F05002405EBC50100EB810146
:1039100001F5187181E81C0001F80B4C01F80C5DF1
:103920008379012B00D1CA618279006808F04EFCCE
:10393000002070BD70B50D460179044605F00F00FA
:10394000884201D9012070BD29064FF000064FF0D2
:10395000010206D500EBC00104EB81014A75143168
:1039600007E005EBC50104EB810181F8556201F523
:1039700015718A70087094F89404012807D084F8AF
:103980009424206808F0F6FB280702D007E0022004
:1039900070BDA17904F29C42206808F093FB0020DE
:1039A00084F8946470BD70B501F00F04002504EB39
:1039B000C401012600EB8101203181E82C0001F8CF
:1039C0000B6C01F80C4D8379012B00D1CA6182790F
:1039D000006808F0FBFB002070BD00002DE9FC5FD3
:1039E00005680446284608F0E5FD00287ED12068D9
:1039F00008F00CFE002879D0D5F80808C0F30D2097
:103A0000C4F8D404206808F001FE800704D52068BB
:103A1000416901F002014161206808F0F7FDC1062B
:103A200004F29C40009035D52068816921F0100196
:103A300081612F6A07F00F00C7F3434100EBC0001C
:103A4000022904EB800606F5157602D0062912D06D
:103A50001BE047F6F070074217D0C7F30A12F1686F
:103A60001746284608F0D6FD7169F068394471613F
:103A70003844F06009E000990822284608F0CAFDA1
:103A80007069C7F30A11084470612068816941F0C8
:103A900010018161206808F0B9FD00034FF0080BA8
:103AA0004FF0000A4FF001097CD52068002608F08D
:103AB0008CFD074674E0F80770D02068F1B208F07A
:103AC0009DFD8046C00707D005EB4611C1F8089B55
:103AD0003146204604F06EFF5FEA087024D505EBFE
:103AE0004611C1F808BBFE49206800E048E2026CBC
:103AF00000EB461001928A42D0F8081B05D9090450
:103B000003D54FF40041C0F8081B204600F029FB04
:103B1000F3480199814207D9A079012804D120688E
:103B20000121009A08F0CEFA5FEAC86004D505EBDF
:103B300046111020C1F8080B5FEA88701DD568692E
:103B4000000605D5D5F8040840F48061C5F80418CE
:103B500006EBC60004EB800090F8571200F51570D4
:103B6000012905D180F803A02046F1B200F00EFA39
:103B700005EB46110220C1F8080B5FEA886004D506
:103B800005EB46112020C1F8080B5FEA884005D5F7
:103B900005EB46114FF40050C1F8080B7F08761C66
:103BA000002F88D1206808F031FD40036ED52068D1
:103BB00008F004FD0026074666E0F80762D020689A
:103BC000F1B208F009FD8046C00723D0D5F83428AB
:103BD00006F00F0C05EB461309FA0CF08243C5F80A
:103BE0003428C3F80899A07901280FD106EBC60044
:103BF00004EB8000D0E907211144016236B9606A04
:103C000020B920680121009A08F05CFA2046F1B240
:103C1000FFF7C4FD5FEA087003D505EB4611C1F854
:103C200008B95FEAC86004D505EB46111020C1F859
:103C300008095FEA486004D505EB46114020C1F849
:103C400008095FEA887016D53146284608F087FCD7
:103C500006EBC60004EB8000C17D1430012905D1BC
:103C600080F803A02046F1B200F08CF905EB461174
:103C70000220C1F808095FEA086003D531462046F2
:103C800004F0FEFE7F08761C002F96D1206808F015
:103C9000BDFC002811DAD5F8040820F00101C5F8B0
:103CA000041894F8CC0401283BD0204600F03EFADA
:103CB0002068416901F000414161206808F0A6FCDC
:103CC00000050BD5D5F80808C00702D0204600F043
:103CD00071FA2068416901F400614161206808F0CF
:103CE00095FC00010AD52068416901F0006141613D
:103CF00094F8CC04E0B1204600F05CFA206808F0AB
:103D000085FCC00473D5D5F8040820F00101C5F87E
:103D100004182068102108F022FC00214FF67F32A1
:103D20002DE00021204684F8CCA4FFF70BFDBFE76F
:103D300084F8CC942068406D0121C0F38300C4F85E
:103D4000D0042046FFF7FEFCD8E700BF05EB41108A
:103D5000C0F80829D0F8003923F40013C0F800395E
:103D6000C0F8082BD0F8003B23F40013C0F8003B48
:103D7000D0F8003B43F00063C0F8003B491C2079B9
:103D80008842E3D8D5F81C08294640F00110C5F850
:103D90001C08E07B68B1D1F8840840F00B01C5F83D
:103DA0008418D5F8440840F00B012846C5F844189B
:103DB0000DE0D5F8140842F22B010843C5F81408A9
:103DC000D5F8100840F00B012846C5F81018D0F8B7
:103DD000000820F4FE61C5F80018A1792068009A57
:103DE00008F070F92068416901F480514161206850
:103DF00008F00CFC800415D5206807F0A3FF2068AC
:103E000008F0CBFBE07101F0AFFBE27901462068DE
:103E100008F060FC204600F073F92068416901F465
:103E200000514161206808F0F1FB000707D52046EA
:103E300000F080F92068416901F0080141612068C3
:103E400008F0E4FB00061FD5A969012021F08001DC
:103E5000A96116E000EBC00104EB810191F8571253
:103E600001290DD105EB4011D1F8002B42F0006281
:103E7000C1F8002BD1F8002B42F08042C1F8002B92
:103E8000401C21798142E5D8206808F0BFFBC002C0
:103E90001FD501264F4614E006EBC60105EB461080
:103EA00004EB8102D0F80009117E012908D1002815
:103EB00006DAF0B2D77540F080012046FFF785FCA6
:103EC000761C2079B042E7D82068416901F480115E
:103ED0004161206808F09AFB800234D5012001E09E
:103EE0000A30544F4A4626E000EBC00305EB401170
:103EF00004EB8306D1F8001B96F85832012B19D138
:103F0000002917DA94F8D434C1F3004103F0010317
:103F10008B420FD186F85722A96941F08003AB612B
:103F20006969090606D4D5F8040840F40070C5F89C
:103F3000040803E0401C21798142D5D821684869F2
:103F400000F400104861206808F060FB400007D5CD
:103F50002046FFF71FFC2068416901F08041416164
:103F6000206808F053FB40070AD5206845686807B9
:103F700002D52046FFF725FC2068416829434160AF
:103F8000BDE8FC9FD0F8E00407F08BBBD0F8E0045C
:103F900007F09BBBF8B5040004D094F89504002505
:103FA00010B106E00120F8BD204684F8945400F0DA
:103FB00057F8032084F89504206808F07DF8207CE9
:103FC0008DF8000094E80F0007F0CAFE0226B0BB8F
:103FD0002068002108F03EFB88BB002001270CE090
:103FE00000EBC001421C04EB81014F750D76CD61E1
:103FF0000D624D620875C885D0B221798142EFD833
:10400000002011E000EBC001421C04EB810181F8AB
:10401000555281F85852C1F85C52C1F86052C1F84B
:10402000645281F85402D0B221798142EAD8207CCE
:104030008DF8000094E80F0007F088FF10B184F8B5
:104040009564AFE7207B657484F89574012802D1EC
:104050002046FFF763FB206807F06AFF0020F8BDE9
:1040600010B5B6B00446142130A8FCF7FFFCC021FF
:104070006846FCF7FBFC1F492068884238D10020C5
:104080004FF480214FF440122292CDE9001068468F
:1040900000F038FC08B1FEF70BFE00F0CDF8164832
:1040A000016841F00101016000680A23022200F06A
:1040B0000100359000204FF4C051309130A9CDE976
:1040C0003120CDE933030D48FEF738FE0A480838A1
:1040D000016841F00061016000680022052100F0E4
:1040E000006035906520FFF7E7FA6520FFF7D6FA04
:1040F00036B010BD00000840E044025800000258ED
:1041000070B50446C079012570B1022801D0FEF7D0
:10411000CFFDD4F8E004294607F047FBD4F8E004CB
:10412000BDE8704007F0FABA0025F2E7D0F8E004E5
:1041300007F024BBD0F8E00407F02ABB10B5044612
:1041400090F8940401280AD00120617484F8940442
:10415000206808F0AEFA002084F8940410BD022014
:1041600010BDD0F8E02400F29C41104607F029BBB6
:1041700010B590F8941404460068012909D0012173
:1041800084F89414C168490609D5617B012902D0DD
:1041900005E0022010BD816B41F48031816320680D
:1041A00008F0BBF9206807F0B5FE002084F89404FD
:1041B00010BD000010B50446D0F8E00407F043FB42
:1041C0002068D0F8001E41F00101C0F8001EE07A1E
:1041D000002804D00248016841F00601016010BDCA
:1041E00010ED00E0134970B50A68D243520705D5B7
:1041F000096801F00701814213D118E00A6822F032
:10420000070202430A60FEF7C7FE0A4D4FF47A76B2
:104210000446083D07E000BFFEF7BEFE001BB042AB
:1042200001D9012070BD2868C0438004F4D4002067
:1042300070BD00000C4802580248016841F08071CE
:10424000016070470C48025810B501F08DF905491E
:104250000968054AC1F30211515C01F01F01C84011
:1042600010BD000020440258C80601084A4930B574
:10427000494C0B1D0A680C3409681D68246802F05B
:10428000030305F00102C1F30511C4F3CC040029B6
:1042900014FB02F200EE102AF8EE400A76D0414AF2
:1042A0009FED3E1ADFED3E1AB7EE000A23B1012B57
:1042B0005AD0022B18D15CE0374C283C23689B066F
:1042C00012D5394B246801EE901A1168C4F3C10469
:1042D000F8EE612AE34001EE903AC1F30801F8EEEE
:1042E000611A81EEA22A07E002EE101A1168F8EEB8
:1042F000422A81EEA22A45E001EE901A1168F8EEFA
:10430000611A40EE811A71EE800A62EE200AC1F352
:10431000462101EE101AB8EE411A31EE001AC0EE35
:10432000811ABCEEE11A80ED001A1168C1F3064152
:1043300001EE101AB8EE411A31EE001AC0EE811AE1
:10434000BCEEE11A80ED011A1168C1F3066101EEBD
:10435000101AB8EE411A31EE000A80EE801ABCEE57
:10436000C10A80ED020A30BD01EE901ADFED0F2A7E
:1043700003E001EE901ADFED0E2A1168F8EE611AE3
:1043800082EEA12AC1F30801B6E7FFE70021016030
:104390004160816030BD00002844025800000039AF
:1043A0000024744C304402580090D0030024744A16
:1043B00020BCBE4B494930B5484C0B1D0A6814342B
:1043C00009681D68246802F00303C5F30012C1F3F5
:1043D0000531C4F3CC04002914FB02F200EE102ACC
:1043E000F8EE400A75D03F4A9FED3D1AB7EE000A3D
:1043F0006BB1DFED3D1A012B01D0022B64D002EE30
:10440000101A1168F8EE422A81EEA22A21E0334CFC
:10441000283C23689B0612D5344B246801EE901A81
:104420001168C4F3C104F8EE612AE34001EE903A4A
:10443000C1F30801F8EE611A81EEA22A0BE001EE49
:10444000901ADFED2B2A00BFF8EE611A116882EE98
:10445000A12AC1F3080101EE901A1168F8EE611A61
:1044600040EE811A71EE800A62EE200AC1F3462105
:1044700001EE101AB8EE411A31EE001AC0EE811AA0
:10448000BCEEE11A80ED001A1168C1F3064101EE9D
:10449000101AB8EE411A31EE001AC0EE811ABCEEC5
:1044A000E11A80ED011A1168C1F3066101EE101ADC
:1044B000B8EE411A31EE000A80EE801ABCEEC10A55
:1044C00080ED020A30BD04E001EE901ADFED092A0A
:1044D000BAE70021016041608160F3E72844025897
:1044E00000000039384402580024744A0090D00378
:1044F0000024744C20BCBE4B494930B5484C0B1DC0
:104500000A681C3409681D68246802F00303C5F3B7
:104510000022C1F30551C4F3CC04002914FB02F2BC
:1045200000EE102AF8EE400A75D03F4A9FED3D1A82
:10453000B7EE000A6BB1DFED3D1A012B01D0022B63
:1045400064D002EE101A1168F8EE422A81EEA22A17
:1045500021E0334C283C23689B0612D5344B246859
:1045600001EE901A1168C4F3C104F8EE612AE34029
:1045700001EE903AC1F30801F8EE611A81EEA22A29
:104580000BE001EE901ADFED2B2A00BFF8EE611A66
:10459000116882EEA12AC1F3080101EE901A116898
:1045A000F8EE611A40EE811A71EE800A62EE200A7E
:1045B000C1F3462101EE101AB8EE411A31EE001A8D
:1045C000C0EE811ABCEEE11A80ED001A1168C1F349
:1045D000064101EE101AB8EE411A31EE001AC0EE93
:1045E000811ABCEEE11A80ED011A1168C1F306616F
:1045F00001EE101AB8EE411A31EE000A80EE801A70
:10460000BCEEC10A80ED020A30BD04E001EE901A52
:10461000DFED092ABAE70021016041608160F3E71C
:104620002844025800000039404402580024744ACB
:104630000090D0030024744C20BCBE4B2DE9F04FF9
:10464000AC4A0546DFF8A8A280F48070DFF8AC928F
:1046500089B01311AA4C0843A748AAF104064FF0E9
:10466000805C4FF000582CD085F400770F4357D072
:10467000DFF87CB285F480670F430BF1080B61D043
:1046800085F400670F4374D085F480570F436ED0D4
:1046900085F400570F434FF480394FF4003E67D044
:1046A00085F400270F4371D085F480370F436ED017
:1046B00085F480460E436BD085F400420A4368D0EF
:1046C0002AE0DAF8001001F00701052924D2DFE81A
:1046D00001F075BC7D25B10006A8FFF7C7FD07985E
:1046E00009B0BDE8F08F6846FFF764FE0098F7E771
:1046F00003A8FFF701FF0398F2E72068C0F3C100A9
:1047000022FA00F0ECE72268D20571D561456FD13D
:104710001846E5E74145E3D00020E1E74846DFE7FA
:10472000DAF8001001F4E07180294FD004DC002990
:1047300044D04029F0D188E0C029EFD0B1F5807F86
:10474000EAD177E0DBF8001001F46001B1F5800FE9
:104750003CD004DC91B3B1F5001FDDD175E0B1F5BB
:10476000C00FDBD0B1F5000FD6D163E001E018E057
:1047700030E0DBF8001001F0E061B1F1007F25D0FE
:1047800008DCD9B1B1F1807FC6D15EE049E06CE0D0
:1047900079E09CE0B1F1407FC0D0B1F1806FBBD136
:1047A00048E0DAF8001001F4E041B1F5005F0DD007
:1047B00005DC19B1B1F5805FAED146E094E0B1F50A
:1047C000405FABD0B1F5804FA6D133E020688000C8
:1047D000A2D58DE7DAF8001001F4E021B1F5403FF1
:1047E0006CD006DC61B149457AD0714594D157E06F
:1047F00037E0B1F5802F65D0B1F5A02F8CD10CE05A
:1048000000F0D4FE6CE76846FFF7D4FD019867E737
:1048100003A8FFF771FE049862E721688903F1D4C9
:104820007AE7DBF8001011F440310ED0494510D082
:104830007145F5D13168256801F040516D077FF56C
:1048400062AF00297FF45FAF57E720680001E7D52A
:1048500049E720688000E3D503A8FFF74DFE0598DF
:104860003EE722689203DBD554E7306810F48030CD
:104870003AD04845D4D120680001D1D56846FFF729
:1048800099FD02982CE7DBF8001001F0E041B1F14E
:10489000405F13D008DC71B1614521D04145BFD1E3
:1048A00020688000B4D437E7B1F1804F0AD0B1F16D
:1048B000A04FB2D030E7FFF7C7FC11E720684007F0
:1048C000AED51AE72068C005AAD521E708E0DAF8D6
:1048D000001011F04051A0D0614505D041459FD155
:1048E000206800018FD417E72068800198D5F3E68F
:1048F000504402580090D00340787D010080BB00F6
:10490000004402582DE9FE4F0546DFF8E48350F8D5
:10491000081B0024F64FC943019005F128002646E4
:1049200008F12408009008011DD4A86E50B1B0F51C
:10493000801F0CD0B0F5001F0ED0B0F5401F1ED068
:1049400001240FE0386840F40030386017E0019827
:10495000022104F0E7F803E00098022104F072F964
:1049600004000CD026462888C043C00523D4A86D77
:1049700005281ED2DFE800F00C11161B1B00AA6EE2
:10498000D8F8001021F440111143C8F80010EAE7EC
:10499000386840F40030386009E00198002104F0E4
:1049A000C1F803E00098002104F04CF9044674B10A
:1049B00000E0012426462888C043800528D4E86DFD
:1049C00080281ED00CDC90B140280ED114E0AA6DD6
:1049D000D8F8001021F007011143C8F80010EAE7E9
:1049E000C02813D0B0F5807F10D001240FE03868C4
:1049F00040F40030386009E00198002104F092F89A
:104A000003E00098002104F01DF904469CB12646FD
:104A10002888DFF8DC92C04309F12C0940052CD42A
:104A2000D5F8A800B0F5800F20D00DDCA0B1B0F50E
:104A3000001F0FD115E0EA6DD8F8001021F4E071E5
:104A40001143C8F80010E3E7B0F5C00F13D0B0F57C
:104A5000000F10D001240FE0386840F400303860B7
:104A600009E00198002104F05DF803E000980021BE
:104A700004F0E8F804467CB126462888C0430005C7
:104A80002DD4D5F8AC00B0F1007F21D00EDCA8B158
:104A9000B0F1807F10D116E0D5F8A820D9F8001029
:104AA00021F460011143C9F80010E6E7B0F1407F3E
:104AB00013D0B0F1806F10D001240FE0386840F4BB
:104AC0000030386009E00198002104F02BF803E081
:104AD0000098002104F0B6F8044674B12646286810
:104AE000C04380011FD4E86CD8B110280FD0202813
:104AF00012D0302815D0012414E0D5F8AC20D9F814
:104B0000001021F0E0611143C9F80010E7E73868B0
:104B100040F40030386004E00198022104F002F80B
:104B2000044674B126462888C043C0042BD4286E9E
:104B3000B0F5005F20D00DDCA0B1B0F5805F0FD1E3
:104B400015E06B48EA6C2030016821F03001114318
:104B50000160E8E7B0F5405F13D0B0F5804F10D0AA
:104B600001240FE0386840F40030386009E0019813
:104B7000002103F0D7FF03E00098002104F062F861
:104B800004468CB126462888C043800429D4686E28
:104B9000B0F5403F23D010DC08B3B0F5803F14D00F
:104BA000B0F5003F0FD115E02A6ED8F8001021F4BF
:104BB000E0411143C8F80010E5E7B0F5802F0ED0B2
:104BC000B0F5A02F0BD001240AE00198012103F0D9
:104BD000A9FF03E00098012104F034F8044694B1E1
:104BE00026462888C04340042AD4D5F8B000B0F146
:104BF000405F23D010DC08B3B0F1805F14D0B0F177
:104C0000005F0FD115E06A6ED8F8001021F4E021A2
:104C10001143C8F80010E4E7B0F1804F0ED0B0F1B6
:104C2000A04F0BD001240AE00198012103F07AFF84
:104C300003E00098012104F005F8044674B126460B
:104C40002888C04300041FD4286FD8B1B0F1805F1A
:104C50000ED0B0F1005F10D0012414E0D5F8B020E0
:104C6000D9F8001021F0E0411143C9F80010E7E73E
:104C7000386840F40030386004E00198012103F006
:104C800051FF044674B126462868C043C0011ED4B3
:104C9000A86CD0B101280ED0022811D0032814D05E
:104CA000012413E02A6FD8F8001021F0405111437D
:104CB000C8F80010E8E7386840F40030386004E0D5
:104CC0000198022103F02EFF0446ACB12646286865
:104CD000DFF81CB0C043ABF11C0B400252D40548B6
:104CE000016841F480710160FEF756F9824611E0D7
:104CF0002C44025800480258FA48AA6C016821F076
:104D0000030111430160E2E7FEF746F9A0EB0A0058
:104D1000642835D8F4480068C005F5D58CBBDFF8A9
:104D2000C4A3B5F8B4100AF1240ADAF8000001F4BB
:104D3000407100F44070884211D0DAF80010DAF8BF
:104D4000002021F4407142F48032CAF80020DAF8E1
:104D5000002022F48032CAF80020CAF80010D5F8EA
:104D6000B400B0F5807F1AD1FEF716F9029012E078
:104D7000FEF712F90299411A41F2883081420AD9AC
:104D8000032426462878DFF85CA3C0430AF1080A0A
:104D9000C00721D03CE0DAF800008007E8D5D5F85C
:104DA000B410C1F30120032858460DD0016821F446
:104DB0007C510160B5F8B420DAF80010C2F30B02A0
:104DC0001143CAF80010DDE7C84A036802EA11126D
:104DD00023F47C511143ECE7E86F182816D005DC6A
:104DE000A0B1082808D0102804D10AE020280DD04E
:104DF00028280BD001240AE00198012103F092FE3B
:104E000003E00098012103F01DFF044664B126462B
:104E10002878C04380071ED4A86F062819D2DFE87F
:104E200000F0160C11161616EA6FDAF8001021F0D1
:104E300038011143CAF80010EAE70198012103F094
:104E400071FE03E00098012103F0FCFE04467CB1F2
:104E500000E0012426462878C04340071FD4D5F837
:104E60009400062819D2DFE800F0160C1116161669
:104E7000AA6FDAF8001021F007011143CAF80010F8
:104E8000E9E70198012103F04DFE03E000980121BC
:104E900003F0D8FE0446A4B100E001242646287899
:104EA000C04380062BD4D5F89000B0F1405F24D0E9
:104EB00011DC10B3B0F1805F15D0B0F1005F10D1FC
:104EC00016E0D5F89420D9F8001021F0070111431D
:104ED000C9F80010E3E7B0F1804F0ED0B0F1A04F59
:104EE0000BD001240AE00198002103F01BFE03E02F
:104EF0000098022103F0A6FE044694B126462878C5
:104F0000C04340062BD4D5F89C00B0F5406F24D0A8
:104F100011DC10B3B0F5806F15D0B0F5006F10D173
:104F200016E0D5F89020DAF8001021F0E0411143A6
:104F3000CAF80010E3E7B0F5805F0ED0B0F5A05FCF
:104F40000BD001240AE00198002103F0EBFD03E0FF
:104F50000098022103F076FE044694B12646287894
:104F6000C04300062BD4D5F8A000B0F5C04F24D024
:104F700011DC10B3B0F5005F15D0B0F5804F10D143
:104F800016E0D5F89C20D9F8001021F4E051114327
:104F9000C9F80010E3E7B0F5004F0ED0B0F5204F90
:104FA0000BD001240AE00198002103F0BBFD03E0CF
:104FB0000098022103F046FE044654B126462878A4
:104FC000C04300071ED4D5F88400B0F5805F0AD036
:104FD0000FE0D5F8A020D9F8001021F4604111436A
:104FE000C9F80010EBE70098022103F02BFE00B196
:104FF0000126D5F88420DAF8001021F4405111433D
:10500000CAF800102878C043C00613D4D5F8980019
:10501000B0F5807F05D10098022103F013FE00B1A6
:105020000126D5F89820D9F8001021F440711143D9
:10503000C9F800102868C043000316D4D5F8A400AE
:1050400038B1B0F5803F09D0B0F5003F0BD0012456
:105050000AE00198002103F065FD03E000980221B9
:1050600003F0F0FD04468CB126462868C043400397
:1050700022D4D5F88800B0F5801F11D0B0F5001FFC
:1050800013D0B0F5401F15D0012414E0D5F8A420AA
:10509000D9F8001021F440311143C9F80010E4E7B9
:1050A000386840F40030386004E00098012103F0D3
:1050B000C9FD04465CB126462868C043C00323D41A
:1050C000286DA8B1B0F5803F17D001241BE0D5F8BA
:1050D0008820DAF8001021F440111143CAF80010BA
:1050E000EAE700004C44025800480258CFFFFF0096
:1050F000386840F40030386004E00198022103F081
:1051000011FD0446E4B126462868C043800005D45A
:105110000098022103F096FD00B101262868C043E3
:1051200080031BD4D5F88000B0B1B0F5807F0FD0DC
:10513000B0F5007F10D0B0F5407F0DD001240CE019
:105140005A482A6D016821F4803111430160DBE780
:10515000386840F400303860ECB326462868C04315
:10516000C00207D46A6FD8F8001021F00041114343
:10517000C8F800102868C043C00008D4D5F8B8208B
:10518000DBF8001021F480411143CBF800102868AF
:10519000C043800207D4EA6ED8F8001021F0807175
:1051A0001143C8F800102868C04340000CD4DBF855
:1051B000001021F40041CBF80010DBF80010D5F806
:1051C000BC201143CBF800102868C04308D43748EE
:1051D0006A6D016800E018E021F040511143016060
:1051E0002868C043000208D4D5F88C20DAF80010F3
:1051F00021F440011143CAF8001028790024C0436B
:1052000000F0010020430AD00FE0D5F88020DAF842
:10521000001021F440711143CAF800109EE7019874
:10522000002103F07FFC00B106462879C04300F05E
:105230000200204305D10198012103F073FC00B165
:1052400006462879C04300F00400204305D10198A8
:10525000022103F067FC00B106462879C04300F044
:105260000800204305D10098002103F0EBFC00B1B9
:1052700006462879C04300F01000204305D100986D
:10528000012103F0DFFC00B106462879C04300F09D
:105290002000044304D10098022103F0D3FC00B99C
:1052A00016B10120BDE8FE8F0020FBE74C440258F8
:1052B0002DE9F05F04000F467ED0DFF83882D8F881
:1052C000000000F00F00B8420CD2D8F8001021F016
:1052D0000F013943C8F80010D8F8000000F00F00A3
:1052E000B84269D12078844D40070AD520692968E1
:1052F00001F07001884204D9296821F0700101434E
:10530000296020787C4E361D00070AD56069316817
:1053100001F07001884204D9316821F07001014325
:1053200031602078C0060AD5A069316801F4E061D7
:10533000884204D9316821F4E0610143316020786A
:10534000DFF8B4B180060BF1080B0CD5E1695846C3
:10535000DBF8002002F07002914204D9026822F0CA
:1053600070020A430260207880070AD5E068296845
:1053700001F00F01884204D9296821F00F0101438F
:1053800029602078C0073ED05B49A2682868183998
:1053900020F47060104328606068022818D0032849
:1053A00019D00968012819D0490700294ADADFF81D
:1053B00048A1AAF1080A00E044E0DAF8002022F04F
:1053C00007020243CAF80020FDF7E6FD814612E01D
:1053D00009688903E9E709688901E6E7C905E4E79F
:1053E000FDF7DAFDA0EB090141F28830814202D9D4
:1053F0000320BDE8F09F6168DAF8000000F0380093
:10540000B0EBC10FECD1207880070AD5E06829689D
:1054100001F00F01884204D2296821F00F010143F5
:105420002960D8F80010404601F00F01B9420BD9AD
:10543000016821F00F0139430160006800F00F009E
:10544000B84201D00120D4E7207840070AD520696E
:10545000296801F07001884204D2296821F07001A6
:1054600001432960207800070AD56069316801F09E
:105470007001884204D2316821F07001014331602B
:105480002078C0060AD5A069316801F4E06188423D
:1054900004D2316821F4E061014331602078800654
:1054A0000CD5E1695846DBF8002002F07002914209
:1054B00004D2026822F070020A43026000F09AF8F7
:1054C0000E492A682B68C2F3032203F00F038A5C9B
:1054D000C95C02F01F0201F01F01D040084A20FA07
:1054E00001F111600749086007480068BDE8F05FF6
:1054F000FEF72EB80020005218440258C8060108D2
:10550000300000242C0000242400002470B5144C2A
:105510003F220260124A24680832131D114D04F024
:105520000704446016681C1D06F4706686601668E1
:1055300006F00F06C660126802F0700202611A6877
:1055400002F0700242611A6802F4E062826122682D
:1055500002F07002C261286800F00F00086070BDA0
:10556000104402580020005230B500F043F80B4AB6
:105570000B490C4B15681468C5F3032204F00F04A3
:105580008A5C095D02F01F0201F01F01D040064A4B
:1055900020FA01F119601060084630BD1844025825
:1055A000C8060108300000242C00002400B5FFF7D5
:1055B000DBFF05490968054AC1F30211515C01F09E
:1055C0001F01C84000BD00001C440258C806010865
:1055D00000B5FFF7C9FF05490968054AC1F3022173
:1055E000515C01F01F01C84000BD00001C4402587E
:1055F000C8060108454970B545480968434B103B4A
:1056000011F0380208D00111082A03D0102A0BD05B
:10561000182A0BD0084670BD19688906FBD5196891
:10562000C1F3C101C84070BD3A4870BD3749374D1C
:1056300018310C1D24350A68096826682D6802F0A7
:10564000030406F00102C1F30511C5F3CC0515FBF7
:1056500002F200EE102AB8EE400AE9B32F4ADFED5D
:105660002E0AB7EE001A6CB1DFED2D1A012C01D015
:10567000022C43D002EE101A1068F8EE422A81EE96
:10568000A22A1EE01C68A40611D51B6801EE901A20
:105690001168C3F3C103F8EE612AD84001EE900A05
:1056A000C1F30800F8EE611A81EEA22A0BE001EEC8
:1056B000901ADFED1C2A00BFF8EE611A106882EE26
:1056C000A12AC0F3080001EE900AF8EE611A40EE3C
:1056D000201A31EE810A00E015E022EE000A10687F
:1056E000C0F34620401C00EE900AF8EE600A80EEFF
:1056F000201ABCEEC10A10EE100A70BD01EE901A1D
:10570000DFED092AD8E7002070BD000010440258E0
:105710000090D00340787D010000003930440258E9
:105720000024744A0024744C20BCBE4B2DE9F05F69
:1057300004007DD0FF4F2078FE4D1837DFF8F4933A
:10574000103DC00748D0D9F80000396800F0380093
:10575000102815D0182803D101F0030002280FD01B
:105760006068B0F5803F12D010B1B0F5A02F18D00E
:10577000286820F480302860286820F4802009E020
:105780002868800328D560680028D2D024E02868E3
:1057900040F480302860606888B1FDF7FDFB064664
:1057A00009E0286840F480202860F0E7FDF7F4FB6A
:1057B000801B64286FD828688003F7D50CE0FDF7BC
:1057C000EBFB064605E000BFFDF7E6FB801B642807
:1057D000F0D828688003F7D4207841F20308D54E2A
:1057E0000C3E800769D5D9F80000396810F0380000
:1057F0000ED0182801D188070AD0E06890B3296834
:1058000021F0190101432960FDF7C6FB824631E012
:105810002868400702D5E06800288AD0E168286837
:1058200020F0190008432860FDF7B6FB824607E028
:10583000DFE000BFFDF7B0FBA0EB0A000228B9D8FB
:1058400028684007F6D500BFFDF7A0FB40451BD8F0
:105850002069402812D0316821F47C3141EA0030BF
:1058600030602AE018E000BFFDF796FBA0EB0A00CD
:1058700002289FD828684007F6D5E5E7306820F46D
:105880007C3040F40030EBE7207C316821F0FE41B1
:1058900041EA0060E4E70DE1286820F0010028609B
:1058A000FDF77AFB824605E0FDF776FBA0EB0A00E8
:1058B00002288DD828684007F6D42078C0065DD528
:1058C000D9F80000DFF86CB2396800F03800ABF1AD
:1058D000040B082810D0182803D101F00300012878
:1058E0000AD0E0690028286838D040F0800028609D
:1058F000FDF752FB824623E02868C00523D5E06906
:10590000802876D11FE0206A202821D0316821F03C
:10591000F84141EA8060306030E000BF94F8201028
:10592000DBF8002022F07C5242EA0161CBF8001043
:1059300024E000BFFDF730FBA0EB0A00022898D856
:105940002868C005F6D5FDF721FB4045E6D8DAE723
:10595000306820F0F84040F08040DCE720F0800024
:105960002860FDF719FB064605E000BFFDF714FBB4
:10597000801B02289DD82868C005F7D4207800072E
:1059800029D56C486169643000298046016811D0CE
:1059900041F001010160FDF7FFFA064605E000BF96
:1059A000FDF7FAFA801B0228C9D8D8F80000800752
:1059B000F6D510E021F001010160FDF7EDFA064691
:1059C00005E000BFFDF7E8FA801B022872D8D8F87E
:1059D00000008007F6D42078800623D5A06900282F
:1059E000286810D040F480502860FDF7D5FA0646AC
:1059F00005E036E1FDF7D0FA801B02285AD8286866
:105A00008004F7D50EE020F480502860FDF7C4FA3A
:105A1000064604E0FDF7C0FA801B02284AD8286831
:105A20008004F7D4207840074FD5DFF80C81D8F8F0
:105A3000001041F48071C8F80010FDF7ADFA064679
:105A400005E000BFFDF7A8FA801B642832D8D8F81B
:105A50000000C005F6D5374EA068603601280AD090
:105A600008B1052813D0306820F00100306030689C
:105A700020F0040002E0306840F001003060A068CF
:105A800041F2883A90B1FDF787FA80460AE0306823
:105A900040F004003060EEE7FDF77EFAA0EB08016D
:105AA000514507D830688007F6D50EE0FDF774FA47
:105AB000804607E084E000BFFDF76EFAA0EB080126
:105AC00051457DD830688007F6D4606AB0B3DFF8FE
:105AD0006480D9F8001008F120084FF6F87B08F12F
:105AE0000409C1F3C2010329A8F1040A69D00228FC
:105AF000286820F08070286003D0FDF74DFA044636
:105B000084E0FDF749FA064605E000BFFDF744FAD8
:105B1000801B022877D828688001F7D4E26A40F217
:105B2000F331386854F8283F884340EA021018439C
:105B3000386004E01044025800480258B5E0217B68
:105B4000434622894FF4FE0C208A4FF0FE4749025B
:105B5000267D521E401EA1F50071C2F308088AB2CC
:105B6000761E0CEA004042EA08020243504607EA69
:105B700006610A431A60DAF8002022F00102CAF82E
:105B80000020D9F80020266A22EA0B0242EAC60267
:105B9000C9F80020DAF80010A26921F00C011143C5
:105BA000CAF800100168E26921F0020111430160A6
:105BB000016841F480310160016841F4003101E085
:105BC00021E027E00160016841F480210160016863
:105BD00041F001010160286840F080702860FDF705
:105BE000DBF9044605E000BFFDF7D6F9001B0228EB
:105BF00009D828688001F7D557E000BFFDF7CCF938
:105C0000001B022802D90320BDE8F09F286880010C
:105C1000F4D44AE039680128D8F8000021D0A26AFB
:105C200001F0030393421CD1E26AC1F305118A42D9
:105C300017D1216BC0F30802491E8A4211D1616B52
:105C4000C0F34622491E91420BD1A16BC0F306421C
:105C5000491E914205D1E16BC0F30660491E8142A5
:105C600001D00120D0E7A16C4E46D9F80000C0F366
:105C7000CC00814219D0DAF80000554620F001002E
:105C8000CAF80000FDF788F94FEA0007FDF784F92C
:105C9000B842FBD0A26C306820EA0B0040EAC20098
:105CA0003060286840F0010028600020ACE77047B1
:105CB00070477047704700002DE9FC5F0446806B19
:105CC0000E46032184F83010002703285CD0B6F577
:105CD000004F59D0B6F5804F4FF000054FF40068E3
:105CE0004FF0806904D006B3606B40F000603FE085
:105CF000009500210195206803F086FB80011CD4EB
:105D00006946204603F0F8FB70BB019840032DD58F
:105D1000B4F844102068090403F02AF820BB206876
:105D200002211DE0606B284322E0009500210195CF
:105D3000206803F069FB800101D54546F2E769461A
:105D4000204603F0D9FB78B90198C0030ED5B4F80A
:105D500044102068090403F00BF828B920680021DA
:105D600003F050F80028DDD00546DBE74D46D9E7C3
:105D70006063606B4FF4007BDFF8B8A040B121682E
:105D80000127C1F838A042E0606B40F08050EFE797
:105D900000214FF48030FEF751FC010032D0264D37
:105DA0003346D4E904C0B1FBF5F8D4E9019280454B
:105DB00010D9A66D5E450DD0B6F5807F11D04FEAA3
:105DC0006506E0B14FEA4008B1FBF8F8B04501D9EB
:105DD000B1FBF5F04946CDE900C0206803F018FB9F
:105DE00015E0164E30B14FEA4008B1FBF8F8A8456F
:105DF00002D8EFE7A942EDD9B1FBF6F0EAE7B142EC
:105E0000E6D8E7E7606B012740F000606063206838
:105E1000594602F0DEFF30B122680127C2F838A0EF
:105E2000616B01436163012084F830003846BDE8AE
:105E3000FC9F0000FF0FE01F80F0FA0200E1F50573
:105E400070470000F0B5C26D920F0A70C26DC2F3C8
:105E500083624A70C26DC2F301628A70C26D120C15
:105E6000CA70B0F85C20120A0A7190F85C204A717E
:105E7000026E120DCA80026EC2F303420A72B0F8BB
:105E80006020C2F3C0324A72B0F86020C2F38032A0
:105E90008A72B0F86020C2F34032CA72B0F8602053
:105EA0000026C2F300320A734E730122836B4FF453
:105EB000007463B1012B3AD0036850499963416B78
:105EC00041F08051416380F830200120F0BDB0F8EE
:105ED0006030456E9B051B0D43EA95730B61436E65
:105EE000C3F3C2630B75436EC3F302634B75436E1A
:105EF000C3F342538B75436EC3F38243CB75436E3A
:105F0000C3F3C2330B760D696D1C85640B7E03F001
:105F100007039B1C9D4085640B7A446503F00F03C7
:105F200002FA03F35F0A7D43C0E913350EE090F8EF
:105F30006050436EAD06AD0A45EA13430B610B6931
:105F40005B1C9B028364C0E913434465B0F8643072
:105F5000C3F380334B76B0F86430C3F3C6138B764B
:105F600090F8643003F07F03CB76836EDB0F0B7702
:105F7000836EC3F341734B77836EC3F382638B7776
:105F8000836EC3F38353CB77836EC3F3405381F89F
:105F9000203081F82160836EC3F3004381F8223002
:105FA000B0F86830C3F3C03381F82330B0F86830FC
:105FB000C3F3803381F82430B0F86830C3F3403342
:105FC00081F82530B0F86830C3F3003381F826300B
:105FD000B0F86830C3F3812381F82730B0F8683017
:105FE000C3F3012381F8283090F86800C0F346001D
:105FF00081F8290081F82A200020F0BDFF0FE01F62
:10600000826B0A60C26B4A60026C8A60426CCA6032
:10601000826C0A61C26C4A61026D8A61406DC8611E
:106020000020704770B5B0F84410002504460068A1
:10603000090402F0D4FF18B1616B0143616304E00D
:106040002068002103F0E0F90546C5F3432070BD48
:106050002DE9F041054690F8300090B00C4600263E
:10606000032810D06946284603F08EFB2A4F4FF0D4
:10607000010860B12A68012697636A6B02436A636C
:1060800085F8308039E0012010B0BDE8F08100993A
:106090004FF47F40C1F3811121700099C1F3401189
:1060A0006170009900EA112242EA11616180019950
:1060B00009BA6160029921720299090A6172029912
:1060C000C1F30351A172DDE9022100EA1240C9B215
:1060D0000843A0810398C0F38520A0730398C0F300
:1060E0000120E0730398C0F303102074039800F0BC
:1060F0000F0060740498000EA07428684FF40071BB
:1061000002F067FE28B12A6801269763686385F864
:1061100030803046B8E70000FF0FE01F2DE9F8435C
:1061200004460068E56A416B09041BD5290719D5A7
:10613000D4E90950202813D30026206803F07EF903
:10614000020A2870010C6A70030EA970761CEB70AD
:10615000082E05F10405F0D3A06A2038C4E90950DF
:10616000BDE8F883416B0127DFF8EC810026C90503
:1061700051D539024CF23A12816329072068C16B6C
:1061800021EA0201C1632068C16B21F08051C16323
:106190002068C16821F04001C16018D515F0220FB8
:1061A00009D0206802F068FF28B1616B0143616388
:1061B0002046FFF745FE2168AA07C1F8388084F819
:1061C0003070E66223D1204600F058FAC8E728066E
:1061D000C6D5206815F0220F86622068C662206846
:1061E000066509D0206802F047FF28B1616B0143C2
:1061F00061632046FFF724FE15F0300F84F83070FD
:10620000E66202D0204600F039FAA807A8D020465E
:1062100000F030FAA4E7416B490421D529071FD5C6
:10622000D4E9075020289BD300262878009069786D
:1062300040EA01200090A97840EA01400090E97806
:106240002D1D40EA016000902068694603F00EF9B8
:10625000761C082EE9D3206A2038C4E907507FE76E
:10626000416B11F03A0F416B58D0890703D5616B30
:1062700041F002016163416B090703D5616B41F095
:1062800008016163416B890603D5616B41F0200110
:106290006163416BC90603D5616B41F01001616315
:1062A000C0F838802068C16B21F49D71C1632068FB
:1062B000C16821F04001C1602068C16A41F4005109
:1062C000C1622068C16841F08001C160206802F0AD
:1062D000D3FE626B2B074FF4006140EA020060635B
:1062E0002068C26822F08002C2602068816303D502
:1062F00084F83070E6620DE028068BD5606B0028CC
:1063000088D02068C16B21F08051C1632068066588
:1063100084F830702046FFF793FD21E7C9009ED531
:106320004FF0805181632068006D40074FEA85601F
:1063300008D40028204602DAFFF7BCFC10E7FFF77C
:10634000B7FC0DE70028204602DAFFF7B2FC07E7AA
:10635000FFF7ADFC04E700003A0F0018F0B50400A9
:1063600085B020D094F83000002518B92046257655
:1063700000F0AAF8042084F83000204600F03CF831
:1063800088B969462046FFF763FE60B99DF8101092
:10639000A26B9DF81100012A08D0A5652046E1688E
:1063A000FFF78AFC58B1012005B0F0BD014302D0CF
:1063B0004FF4007001E04FF48070A065EEE7FCF749
:1063C000EBFD0127064604E0FCF7E6FD801B401CC0
:1063D0000AD02046FFF726FE0428F5D16563E56262
:1063E00084F830700020DFE74FF00040606384F8ED
:1063F00030700320D8E70000F0B587B004461421C0
:1064000002A8FAF733FB002602964FF4803031469B
:10641000039604960596FEF711F905004FF0010763
:1064200004D02548854207D806960AE04FF0006060
:1064300084F8307060633BE02048B5FBF0F0401C0E
:106440000690DDE9050102AECDE9000196E80E00F7
:10645000206802F0DDFF206802F0EAFF069818B11C
:106460004000B5FBF0F52DB11548B0FBF5F0401C30
:10647000FCF752FC204603F02DF928B184F8307067
:10648000616B0143616313E0204603F0A7F8002825
:10649000F4D120684FF4007102F09BFC002808D072
:1064A000226808499163616B0143616384F830702D
:1064B000012007B0F0BD0000801A060000350C0076
:1064C00010210100FF0FE01FF0B5B7B00446142102
:1064D00030A8FAF7CBFAC0216846FAF7C7FA2B4979
:1064E000206888424FD1002014904FF48031044638
:1064F000CDE900106846FEF705FA08B1FCF7D8FBB5
:106500002348016841F480310160006800F4803064
:1065100035901F480C30016841F0040101600168AA
:1065200001F004013591016841F008010160006843
:10653000022532AA00F0080035904FF4F850CDE95A
:106540003005032613480C2782E8D00030A9FCF759
:10655000F5FB042032AACDE930050F4830A982E8C6
:10656000D000FCF7EBFB002205213120FDF7A4F859
:106570003120FDF793F8002205213120FDF79CF82A
:106580003120FDF78BF837B0F0BD000000700052ED
:10659000D444025800080258000C02582DE9F04378
:1065A0000F001E4687B00446154607D094F8300009
:1065B000012807D0022007B0BDE8F083606B40F0EF
:1065C000006008E0216D0020AA1960638A4204D9A6
:1065D000606B40F00070606341E0032184F830108C
:1065E00022687102D062C4E90971A26B012A00D04D
:1065F0006D024FF0020C90230293CDE903C04FF0DF
:10660000FF320590CDE9002180462068694602F0FE
:1066100091FD2068012E4FF00109C26842F040024E
:10662000C260206887652068C0F8509006D9822033
:10663000E0622068294602F03DFC05E08120E0622E
:106640002068294602F050FC58B125680849A96322
:10665000616B0143616384F83090C4F82C800120A1
:10666000A9E72068C16B41F49571C1630020A2E7DE
:10667000FF0FE01F10B5FBF719FF10BD10B5FBF7BA
:1066800031FF10BD2DE9F0470F001E4686B00446CD
:10669000154607D094F83000012807D0022006B034
:1066A000BDE8F087606B40F0006008E0216D0020DD
:1066B000AA1960638A4204D9606B40F0007060637D
:1066C00040E0032184F8301022687102D062C4E9EE
:1066D0000771A26B012A00D06D024FF0FF324FF01C
:1066E000900A0590CDE902A0CDE9002104908046F2
:1066F0002068694602F01EFD2068C16841F0400133
:10670000C16020684FF001098765012E2168C1F83A
:10671000509006D9A020E0622068294602F0D6FCFD
:1067200005E0C4F82CA02946206802F0E9FC58B125
:106730002568094AAA63626B0243626384F8309059
:10674000C4F82C800120AAE72068C16B41F48D7148
:10675000C1630020A3E70000FF0FE01F2DE9F04711
:10676000040029D0594A4FF000092068584B594D70
:106770009042C4F8289006D0984204D0A84202D093
:10678000E1680F2918D8E1684FF0010AE76B08317A
:10679000C9080AEB57167143904205D0984203D0BE
:1067A000A84201D0082907D8904203D0984201D0CE
:1067B000A84204D1102902D90120BDE8F08794F83D
:1067C000810020B9204684F8809000F085F80220EE
:1067D00084F881002068016821F0010101602068CF
:1067E000A1698268B1F1806F02F4F81110D162687A
:1067F000B2F5800F01D01AB10AE0A26B22B107E016
:10680000A26BB2F1805F03D1026842F48052026051
:106810006068400209D5E068072806D32068236D28
:10682000026822F480721A4303E02068026822F4AE
:1068300080720260A66AE069E26B25683043E36813
:106840000A4310431843A860D4E90D02D4E9058136
:10685000636A25691843D4F820C00A4326681043A8
:106860002843A56DD4E90172D4E9123140EA080049
:1068700040EA0C0038430843104318432843F060B3
:10688000606868B92068816821F4C05141F40061F2
:1068900081602068816821F4C06141F48061816079
:1068A0002068016D21F0010101656068400206D594
:1068B0002068626DC16821F000411143C160C4F8D5
:1068C000849084F881A0002077E700000030014028
:1068D00000380040003C0040F0B5B7B00446142139
:1068E00030A8FAF7C3F8C0216846FAF7BFF836496E
:1068F000022620680527334D0024884223D18114C5
:1069000018940020CDE900106846FDF7FBFF08B1A0
:10691000FCF7CEF92B481030016841F4805101603A
:10692000006800F480503590286840F0010028602D
:10693000286830A900F001003590E020309023480D
:10694000CDE9316438E02249884239D18114189464
:106950000020CDE900106846FDF7D4FF08B1FCF730
:10696000A7F918480830016841F4804101600068C7
:1069700000F480403590286840F0040028602868C2
:1069800000F004003590286840F002002860286874
:1069900030A900F00200359006203090CDE9316436
:1069A0000C48CDE93347FCF7C9F94FF480603090CB
:1069B000094830A9CDE93164CDE93347FCF7BEF988
:1069C00037B0F0BDE04402580030014000000258EA
:1069D0000038004000080258000402582DE9F84F22
:1069E000044600689946174600F1200B8A46FCF7DA
:1069F000D3FA064694F88100012839D1BAF1000F84
:106A00007ED0002FFCD094F88000012830D0A268FE
:106A100000254FF0010884F88080032184F881105C
:106A2000C4F88450C4F85CA06566A4F86850656733
:106A300025672C34B2F5C02FA786E786E58754F882
:106A40002C0D18D0C16821F4C02141F40031C1607F
:106A5000206841686FF30F01394341602068016885
:106A600041F0010101606068B0F5800F08D00CE0D2
:106A70000220BDE8F88F016841F400610160E7E79A
:106A80002068016841F400710160E0680F281CD89B
:106A900020E02068416989070BD5E16D0968016232
:106AA000E06D001DE065B4F86200401EA4F86200CD
:106AB0000BE0FCF771FA811B494503D3B9F1FF3FA5
:106AC00003D09DE0B9F1000F32D0B4F86200002885
:106AD000DFD179E007282FD872E020684169890763
:106AE0001ED5B4F8621001290DD9E16B59B1E16DE1
:106AF00009680162E06D001DE065B4F8620000E025
:106B00007CE0801E09E0E06D0188ABF80010E06DCC
:106B1000801CE065B4F86200401EA4F862000BE03F
:106B2000FCF73AFA811B494503D3B9F1FF3F03D083
:106B300066E0B9F1000F63D0B4F862000028CCD150
:106B400042E02068416989072ED5B4F86210032914
:106B50000CD9E16B402909D9E16D09680162E06D4A
:106B6000001DE065B4F86200001F1AE0B4F862107E
:106B700001290CD9E16B51B1E06D0188ABF800102F
:106B8000E06D801CE065B4F86200801E09E0E16DF4
:106B9000097880F82010E06D401CE065B4F86200D0
:106BA000401EA4F862000BE0FCF7F6F9811B494592
:106BB00003D3B9F1FF3F03D022E0B9F1000F1FD09A
:106BC000B4F862000028BCD100224B4608212046C0
:106BD000009602F063FF28B1D4F8840040F0200052
:106BE000C4F88400204602F0FBFE84F88180D4F8CB
:106BF000840084F8805000283FF43BAF012038E740
:106C0000204602F0EDFED4F8841084F8805041F460
:106C10008071C4F8841084F88180032029E7000083
:106C20002DE9FF4F0446C06B17461D4683B042094D
:106C30002068521C00F1200130301FFA82FBCDE9A0
:106C40000001FCF7A9F9824694F881002E4601283C
:106C500035D1049800287CD0002FFCD0002DFAD02C
:106C600094F8800001282AD04FF0010984F8809020
:106C700005224FF0000884F88120C4F884806766FC
:106C8000A4F86A50A4F868500499E165A4F8625029
:106C9000A4F86050C4F87080C4F874802068C1689B
:106CA00021F4C021C160AD492068884205D0AC49BB
:106CB000884202D0AB49884205D1102704E0022067
:106CC00007B0BDE8F08F082741686FF30F01294333
:106CD00041602068016841F0010101606068B0F521
:106CE000800F04D12068016841F400710160E06800
:106CF0000F284CD9BF0838E020684169890710D5B2
:106D00007EB1F119A9420CD9E16D09680162E06D0B
:106D1000001DE065B4F86200401EA4F86200B4F8FB
:106D200062602068416905B34269D20703D15D45BD
:106D300010D209040ED5006B616E0860606E001DF4
:106D40006066B4F86A00401EA4F86A00B4F86A509D
:106D50000BE0F0E0FCF720F9A0EB0A01109881426B
:106D600002D3401C01D004E018B156EA0500C3D19B
:106D7000C8E0204602F034FED4F8840084F8808015
:106D800040F48070C4F8840084F88190E2E0072821
:106D90007BD97F084EE020684069800711D586B115
:106DA000F019A8420DD9E06D018801980180E06DCD
:106DB000801CE065B4F86200401EA4F86200B4F8DC
:106DC0006260216848692DB34969C9070AD00098F3
:106DD0000088616E0880606E801C6066B4F86A008E
:106DE000401E13E05D4516D2010414D500980088BA
:106DF000616E0880606E801C606600990988018061
:106E0000606E801C6066B4F86A00801EA4F86A0098
:106E1000B4F86A500EE0012D01D18004D7D4FCF7FC
:106E2000BBF8A0EB0A011098814202D3401C01D0AC
:106E300083E058B356EA0500ADD163E020684169AC
:106E4000890711D586B1F119A9420DD9E16D0978EB
:106E500080F82010E06D401CE065B4F86200401E30
:106E6000A4F86200B4F86260206841696DB14269BB
:106E7000D2070CD090F83000616E0870606E401C34
:106E80006066B4F86A00401E24E038E055E05D45D5
:106E900025D20A0423D590F83000616E0870606E28
:106EA000401C6066216891F830100170606E401CD3
:106EB0006066216891F830100170606E401C606659
:106EC000216891F830100170606E401C6066B4F863
:106ED0006A00001FA4F86A00B4F86A500FE0042D9D
:106EE00002D211F4C04FC5D1FCF756F8A0EB0A014D
:106EF0001098814202D3401C01D01EE0E8B156EA4E
:106F000005009BD1109B002208212046CDF800A04F
:106F100002F0C4FD28B1D4F8840040F02000C4F889
:106F20008400204602F05CFD84F88190D4F884103F
:106F300084F8808081B10120C2E6204602F050FD35
:106F4000D4F8842084F8808042F48072C4F88420CD
:106F500084F881900320B3E60020B1E600300140C0
:106F600000380040003C0040024A136883430B4352
:106F70001360704704040058704770477047000062
:106F8000F0B590F83C20012A3BD01F4E012480F838
:106F90003C40022280F83D2002681C4D5368B242FA
:106FA000D2F808C001D0AA4203D14F6823F470037D
:106FB0003B430F6823F070031F4357600268B242DF
:106FC00013D0B2F1804F10D0114B9A420DD0114B1B
:106FD0009A420AD0104B9A4207D0AA4205D00F4BD2
:106FE0009A4202D00E4B9A4204D189682CF0800359
:106FF00019439160002180F83D4080F83C1008461C
:10700000F0BD0220F0BD000000000140000401407E
:107010000004004000080040000C00400018004040
:107020000040014010B5040003D094F83D0010B1B9
:1070300007E0012010BD002084F83C00204600F04D
:1070400023F8022084F83D002068211D02F0BCFED8
:10705000012084F8480084F83E0084F83F0084F85A
:10706000400084F8410084F8420084F8430084F82A
:10707000440084F8450084F8460084F8470084F80A
:107080003D00002010BD000008B500680649884298
:1070900008D10648016841F002010160006800F073
:1070A0000200009008BD000000040040E8440258BF
:1070B00090F83D10012901D001207047174A0221A4
:1070C00080F83D100168CB6843F00103CB60006895
:1070D000904214D0B0F1804F11D0114988420ED0A7
:1070E000104988420BD01049884208D00F49884285
:1070F00005D00F49884202D00E49884207D18168E5
:107100000D4A1140062906D0B1F5803F03D0016831
:1071100041F00101016000207047000000000140C3
:107120000004004000080040000C00400004014042
:1071300000180040004001400700010070B50446FF
:1071400090F83C000025012814D03A4B012684F821
:107150003C60022084F83D0022689068184020F4CA
:107160007F409060086870282FD010DC10F00F0F5F
:1071700003D022E04FF0020070BD4FEA2012072A30
:107180001BD2DFE802F0535353534B394100B0F1A7
:10719000101F4BD009DCB0F5805F0FD0B0F5005F59
:1071A0001ED0B0F5801F08D140E0A0F58011203935
:1071B0003CD010293AD0202938D0012584F83D60F0
:1071C000002084F83C00284670BD4A682068D1E958
:1071D000021302F06CFE2068816841F0770109E03B
:1071E0004A682068D1E9021302F061FE20688168D4
:1071F00041F480418160E1E7CA684968206803F092
:107200000BF82068502106E0CA684968206803F03E
:1072100031F82068602102F053FECFE7CA68496860
:10722000206802F0F9FF20684021F4E72268014657
:107230001046F0E788FFCEFF70472DE9F041044685
:1072400000680027C6680569A90713D5B10711D5DD
:10725000FA1E02610121217720688069800720469B
:1072600002D0FFF7E9FF04E000F0B4F8204600F098
:1072700076F92777680716D5700714D5226802209B
:107280006FF00401116120772068806910F4407F5D
:10729000204602D0FFF7D0FF04E000F09BF8204624
:1072A00000F05DF92777280715D5300713D5226838
:1072B00004206FF00801116120772068C069800701
:1072C000204602D0FFF7B8FF04E000F083F8204624
:1072D00000F045F92777E80616D5F00614D52268A0
:1072E00008206FF01001116120772068C06910F448
:1072F000407F204602D0FFF79FFF04E000F06AF8CD
:10730000204600F02CF92777E80708D0F00706D0D0
:1073100021686FF001000861204600F0A9F92806F5
:1073200001D4A80408D5300606D521686FF40250B0
:1073300008612046FFF721FEE80508D5300606D58E
:1073400021686FF4807008612046FFF715FE68061B
:1073500008D5700606D521686FF040000861204608
:1073600000F090F9A8060AD5B00608D521686FF09C
:10737000200008612046BDE8F041FFF7FFBDBDE8F1
:10738000F081000010B586B0044614216846F9F774
:107390006DFB0D492068884214D10C48016841F00A
:1073A0000401016000680021402200F00400059003
:1073B00002200092CDE90101CDE90310044869469D
:1073C000FBF7BCFC06B010BD00040040E0440258CE
:1073D00000080258704770B5044690F83C0000263B
:1073E0000D4601280BD0012084F83C000C2A4AD01D
:1073F00007DC82B1042A20D0082A06D131E002201D
:1074000070BD102A53D0142A63D00126002084F8BE
:107410003C00304670BD206802F05CFD2068816948
:1074200041F0080181612068816921F004018161D6
:1074300020682A698169114311E0206802F0A0FDEB
:107440002068816941F4006181612068816921F4CB
:107450008061816120682969826942EA0121816134
:10746000D4E7206802F0DAFD2068C16941F0080124
:10747000C1612068C16921F00401C16120682A69E5
:10748000C169114311E0206802F016FE2068C1694D
:1074900041F40061C1612068C16921F48061C1616A
:1074A00020682969C26942EA0121C161AEE720680A
:1074B00002F03EFE2068416D41F008014165206800
:1074C000416D21F00401416520682A69416D114335
:1074D00011E0206802F066FE2068416D41F4006111
:1074E00041652068416D21F480614165206829690A
:1074F000426D42EA0121416588E710B5040003D0DE
:1075000094F83D0010B107E0012010BD002084F880
:107510003C00204600F022F8022084F83D0020685C
:10752000211D02F051FC012084F8480084F83E003F
:1075300084F83F0084F8400084F8410084F8420059
:1075400084F8430084F8440084F8450084F8460039
:1075500084F8470084F83D00002010BD7047704754
:1075600030B504464FF0020269B1042912D008294F
:1075700017D00C291CD0102921D094F843000128E1
:1075800024D0012030BD94F83E000128F9D184F8C0
:107590003E201DE094F83F000128F2D184F83F20FE
:1075A00016E094F840000128EBD184F840200FE069
:1075B00094F841000128E4D184F8412008E094F8CF
:1075C00042000128DDD184F8422001E084F8432004
:1075D0000122206802F05EFC1B4B20681B491C4AFC
:1075E000984209D0884207D0904205D0194DA84250
:1075F00002D0194DA84203D1456C45F400454564BD
:107600002068984212D0B0F1804F0FD0134B9842AF
:107610000CD0134B984209D0124B984206D08842A6
:1076200004D01149884201D0904207D181680F4AA5
:107630001140062906D0B1F5803F03D0016841F022
:1076400001010160002030BD000001400004014044
:107650000040014000440140004801400004004057
:1076600000080040000C0040001800400700010026
:1076700000680349884201D1FBF734BF704700001E
:1076800000100040704730B590F88410012918D0E0
:10769000012280F884202421C0F8881000222024B0
:1076A00001680B680D6823F0005325F001050D609B
:1076B000426601680B60C0F8884080F8842010465C
:1076C00030BD022030BD70B5044690F8840001281A
:1076D0001DD0012284F884202420C4F8880020686A
:1076E0000568026822F0010202602068826822F0C8
:1076F00060620A438260204602F076FF2268202101
:1077000000201560C4F8881084F8840070BD022041
:1077100070BD70B5044690F8840001281DD0012288
:1077200084F884202420C4F8880020680568026852
:1077300022F0010202602068826822F060420A435F
:107740008260204602F050FF226820210020156050
:10775000C4F8881084F8840070BD022070BD10B594
:10776000040003D0D4F8880010B107E0012010BD58
:10777000002084F88400204600F026F82420C4F875
:1077800088002068016821F001010160A06A10B141
:10779000204602F04BFF204603F02CF80128E6D0EB
:1077A0002068416821F4904141602068816821F09F
:1077B0002A0181602068016841F0010101602046D2
:1077C000BDE8104002F096BF10B5B6B004461421D3
:1077D00030A8F9F74BF9C0216846F9F747F919497C
:1077E000206888422BD100201F9001210446CDE95A
:1077F00000106846FDF786F808B1FBF759FA124801
:10780000016841F010010160006800F0100035903F
:107810000D481038016841F002010160006830AB8A
:10782000022100F0020035904FF44040042283E82A
:107830001300064830A9CDE93342FBF77FFA36B092
:1078400010BD000000100140F0440258000402582E
:107850002DE9F84F0446D0F88800984615460E46A4
:10786000202802D00220BDE8F88F96B38DB3002106
:107870004FF02109C4F89010C4F888901834FBF731
:107880008BFB824654F8100CA587E587183CB0F5B1
:10789000805F01D1206910B13546002600E0002547
:1078A0005FF02007B4F8560053464FF00002CDF8C1
:1078B0000080E0B18021204603F072F9E0B955B1B3
:1078C00015F8010B21688862D4F8881039EA0100A4
:1078D00007D00120C7E736F8020B2168C0F3080083
:1078E000F1E7B4F85600401EA4F85600DAE740214C
:1078F000204603F055F918B1C4F888700320B2E7A8
:10790000C4F888700020AEE7FEE7000010B5FAF773
:1079100067FE00281DD100F03BFBFAF775FE00283A
:1079200017D100F08DFA040002D00FA102460CE03E
:10793000FAF7FCFB040002D011A1024605E000F0BA
:1079400063F8040006D014A102460020FAF77EFE78
:10795000204610BD01F090FD020003D0012014A1CB
:10796000FAF774FE002010BD4953543833313020EB
:10797000696E6974206661696C65643A20256400EB
:10798000424D4930383820696E6974206661696CEF
:1079900065643A2025640000486561746572206959
:1079A0006E6974206661696C65643A202564000024
:1079B00053442073746F7261676520696E69742027
:1079C0006661696C65643A20256420287061726183
:1079D0006D732077696C6C207573652064656661D2
:1079E000756C74732900000006490A7832B138B109
:1079F00091ED010A80ED000A0020704705207047D4
:107A000004207047F401002470B50C4C00250C488C
:107A10009FED090A84ED010A00684563294608487C
:107A2000FFF79EFD18B1BDE87040FAF718BE0120BF
:107A300065702070002070BD00000000F40100247B
:107A4000540400241A49087808B1487808B1052080
:107A50007047B4EE400A0020F1EE10FADFED150A8F
:107A600001D0012004E0B5EEC00AF1EE10FA02D216
:107A7000B0EE600A06E010EE102AB2F17E5F01DD82
:107A8000B7EE000A08B1042070470B4AD0681268AC
:107A9000401C00EE900AF8EE600A60EE800AFCEEF0
:107AA000E00A10EE900A5063002081ED010A704751
:107AB000F4010024000000005404002401688A69D5
:107AC000D243920701D400228A6200688169C943C7
:107AD000C90703D0816941F001018161704700004D
:107AE0002DE9F047044600680026894617464FF006
:107AF000200835468169C90641D51021C1612FE0B2
:107B0000B9F1FF3F2CD0FBF747FAC11B494502D81A
:107B1000B9F1000F24D12068426894F842108369BB
:107B200002F48042DB431B0415D4B2F5804F12D01F
:107B3000202910D0416841F480414160FBF72CFAC4
:107B4000074608E0FBF728FAC01B192803D90126CD
:107B500045F0200504E020688069C0438006F1D428
:107B600020688069C043800602D5002EC8D003E09B
:107B700016B92168C1F81C80012645F0040521686A
:107B80008869C20505D54FF48072CA6145F00105C8
:107B9000012641050AD5216880054FF4806245F031
:107BA0000805CA614FF0010602D40AE0800507D536
:107BB000206801264FF4007145F00205C16100E024
:107BC0008EB12046FFF77AFF20680021074F4368F7
:107BD0003B404360606C2843606484F8418084F8D3
:107BE000421084F840103046BDE8F08700E800FEFF
:107BF0002DE9F843174604461548DAB2DDE908983E
:107C00001E4600900023204600F056F842464946A2
:107C1000204600F0D3F8B8B9012EFDB208D0206894
:107C2000390A816242464946204600F0C7F858B9F1
:107C300020688562002240214B462046CDF8008016
:107C400000F052F8002800D00120BDE8F8830000C1
:107C5000002000802DE9F8430446164817461E46CA
:107C6000DAB20090C3022046DDE9089800F024F85B
:107C700042464946204600F0A1F8B8B9012EFDB2AF
:107C800008D02068390A816242464946204600F001
:107C900095F858B920688562002280214B4620461D
:107CA000CDF8008000F020F8002800D00120BDE8C9
:107CB000F88300000020008070B50068C1F309015E
:107CC00041EA0241074D049C19434FF48066426823
:107CD000214306EA54532B439A4321F000410A43BF
:107CE000426070BDFF63FF032DE9F0411D4617465A
:107CF0000E460446DDF8188028E042462946204614
:107D0000FFF7EEFE10B10120BDE8F081681C1DD028
:107D1000FBF742F9A0EB0800A84200D8B5B92068EB
:107D2000806936EA00000FD00020B8420ED1626CA4
:107D3000002084F84000202142F02002626484F890
:107D4000411084F84200DEE70120EEE720688069F8
:107D500036EA000004D00020B842CED00020D3E79D
:107D60000120F9E770B516460D4604461FE032467D
:107D700029462046FFF7B4FE08B1012070BDFBF78D
:107D80000BF9801BA84200D88DB920688069C043D8
:107D900080060CD5626C002084F84000202142F05F
:107DA0002002626484F8411084F84200E5E720680C
:107DB0008069C0438006DAD4002070BD70B51646D5
:107DC0000D46044621E0324629462046FFF788FE4C
:107DD00008B1012070BD681C17D0FBF7DDF8801BCF
:107DE000A84200D88DB920688069C04380070CD5AF
:107DF000626C002084F84000202142F0200262647E
:107E000084F8411084F84200E3E720688069C043A9
:107E10008007D8D4002070BD10B54FF00004EFF3F8
:107E2000058048B908F0FEF8012806D0EFF310806D
:107E300010B9EFF3118000B10124204610BD0000FD
:107E400038B505F0A9FD00280ED1012269468DF84C
:107E5000000005F0EDFD04001CD19DF80000FF2896
:107E600003D005F0A9FD022038BD01210B2005F04B
:107E7000F9FD04000ED10A2005F0ACFD09214120D6
:107E800005F0F0FD040005D1C021422005F0EAFD17
:107E9000040003D005F090FD204638BD03490120C1
:107EA000087005F089FD002038BD0000F0010024B5
:107EB0002DE9FC41070015460E4611D086B17DB173
:107EC0002348007878B105F067FD002809D1012129
:107ED0000A2005F0C7FD040007D005F06DFD13E092
:107EE0000420BDE8FC810520FBE7062005F072FDBB
:107EF00000206946062200900190032005F098FDBD
:107F0000044605F059FD0CB12046EAE7BDF9002012
:107F1000BDF90210BDF9040001EE102A00EE101A9E
:107F200000EE900AB8EEC11ADFED0A1AB8EEC00AE8
:107F3000F8EEE00A21EE211A002020EE210A60EE80
:107F4000A10A87ED001A86ED000AC5ED000AC8E710
:107F5000F00100249A99993EF0B500230A251C46A9
:107F60003026372711E000BFB5EB107F02D906EBB2
:107F7000107C01E007EB107C01F813C001EB430C0F
:107F800000015B1C8CF80140DBB29342ECD3F0BDE6
:107F90000549012010B50246087080210348FAF710
:107FA000EFFF002010BD0000E4010024001C025877
:107FB00004480078002803D003488021FAF7D8BF8E
:107FC00070470000E4010024001C025804490548E1
:107FD00010B5FAF77DFE0249491E087010BD000079
:107FE0001102002404090108194810B505F0D4FF56
:107FF000184CA0611648103005F0CEFFE06114481F
:10800000203005F0C9FF124A002120601248B43A1E
:1080100006F0DCF80E4A002160601048903A06F045
:10802000D5F80B4A0021A0600D486C3A06F0CEF856
:10803000074A0021E0600B48483A06F0C7F8044AB6
:10804000002120610848243A06F0C0F8606110BDA4
:108050007006010800000024D99B0008ED9B000871
:10806000F19B0008F59B0008F99B00082DE9F043FF
:1080700087B014216846F8F7F9FC3848016841F0E8
:1080800080010160016801F080010591016841F003
:1080900004010160016801F004010591016841F0EB
:1080A00001010160016801F001010591016841F0E1
:1080B00002010160016801F002010591016841F0CF
:1080C0000801016000680122254F312100F00800FD
:1080D00005903846FAF754FF002238460821FAF78F
:1080E0004FFFDFF88080002280214046FAF748FFEA
:1080F0000122DFF87490160348463146FAF740FF34
:1081000000246946012509200090CDE90154384634
:108110000394FAF713FE03213020CDE90005CDE9E1
:10812000025169463846FAF709FE80200090CDE9F1
:108130000154694640460394FAF700FE00966946EA
:10814000CDE9015448460394FAF7F8FD0021E8060A
:10815000FEF70AFF07B0BDE8F0830000E0440258D4
:1081600000080258001C025800040258134800215D
:1081700010B5114C0123124A0460C0E90121C0E985
:10818000033141618161C1610162FAF761FF08B1A8
:10819000FAF78EFD09480021FAF704FF08B1FAF753
:1081A00087FD06480021FAF729FF002803D0BDE823
:1081B0001040FAF77DBD10BD00540040200200249D
:1081C000DB3FB0001348002110B5114C0123124AC7
:1081D0000460C0E90121C0E9033141618161C161ED
:1081E0000162FAF735FF08B1FAF762FD094800218C
:1081F000FAF7D8FE08B1FAF75BFD06480021FAF756
:10820000FDFE002803D0BDE81040FAF751BD10BDB7
:10821000005C004074020024DB3FB0000B480021EA
:108220004FF4804310B5084C0222C0E90041C0E978
:108230000213C0E90412FEF791F8002803D0BDE84C
:108240001040FAF735BD10BD00700052C80200247E
:1082500070B5144803244FF08042114E00211311D1
:10826000C0E9021401611512C0E90513C0E9072134
:1082700041628162C162C0E90D21C1630164416450
:108280008164C164016541658165C0E90065FEF7EF
:1082900065FA002803D0BDE87040FAF709BD70BD4B
:1082A000003001404403002470B5154807224FF404
:1082B0008005124E00212C01C0E9021201614FF02D
:1082C000A043C0E90514C0E9073141629A00816208
:1082D000C162C0E90D21C163016441648164C1646C
:1082E000016541658165C0E90065FEF737FA002840
:1082F00003D0BDE87040FAF7DBBC70BD0038004029
:10830000CC03002410B58EB000241C21009407A8D3
:10831000019402940394049405940694F8F7A6FB40
:108320001E4840F2E73140F2AF421B4BC0E9024128
:1083300004618461C0E90032FEF774FE08B1FAF707
:10834000B7FC4FF48050009014486946FEF7F6FEE3
:1083500008B1FAF7ADFC1148FFF7CFF808B1FAF70A
:10836000A7FC0E4804A904940694FEF709FE08B180
:10837000FAF79EFC6020CDE907040848002207A90F
:1083800009940B94FFF727F808B1FAF791FC03481A
:10839000FEF7F8FF0EB010BD0004004054040024A6
:1083A0001848002110B5164C0C224FF4E13304603C
:1083B000C0E90131C160C0E904128161C16101629B
:1083C00041628162FFF7CBF908B1FAF771FC0D4801
:1083D0000021FFF79EF908B1FAF76AFC094800216D
:1083E000FFF771F908B1FAF763FC0648FFF74BF99C
:1083F000002803D0BDE81040FAF75ABC10BD0000B9
:1084000000100140A004002410490022104810B5BB
:1084100003F024F808B1FAF74BFC0E490C4803F0BE
:108420003DFA08B1FAF744FC0B49094802F0D6FDC1
:1084300008B1FAF73DFC064803F0B6FA002803D06D
:10844000BDE81040FAF734BC10BD0000BC000024A9
:108450005C1802247C010024100100240A680860D2
:10846000801A01D0642800D9052000EE100ADFED43
:10847000030AB8EE400A20EE200A70476F12833AD2
:1084800010B590ED070AD0ED080A90ED091A20EE1C
:10849000000A00EEA00A01EE010A04F0D7FB10EE7C
:1084A000100A1149884202DC9FED100A10BD10EE3F
:1084B000100A0F49884204DAB3EE041AC0EE010A2A
:1084C00008E010EE100A0B49884209DD9FED0A1AF8
:1084D000C1EE000ABDE81040B0EE600A00F00EB830
:1084E000B7EE000A10BD0000BD3786350000000061
:1084F0000000A0410000A0420000A042B5EEC00A6A
:10850000F1EE10FA02D29FED050A704710EE100A44
:10851000B0F17E5FF9DDB7EE000A704700000000A1
:10852000FEE7FEE770B5134C05462078A0B105F0D4
:10853000A3FB00280FD1022D4FF480610ED0012D36
:1085400016D000220C48F8F767FA00206070A0707F
:1085500005F0AEFB002070BD052070BD064A00206E
:10856000135CDD43431C155498B28842F8D3ECE702
:10857000FF22E7E7FC010024AC3502241F4970B557
:108580001D480968814201D0052070BD1C4C0122A4
:1085900011462046FAF7F4FC002220460821FAF79B
:1085A000EFFC184D4FF48054002221462846FAF77C
:1085B000E7FC142005F0ECFA012221462846FAF7E0
:1085C000DFFC642005F0E4FA0F481A2105F0DBFA1D
:1085D0000E4C4FF0000508B1257070BD0C484FF4EB
:1085E0008061F8F721FA65700120A5702070BDE860
:1085F000704000F03FB8000000380040CC03002479
:108600000008025800040258E8080108FC01002490
:10861000AC3502240FB410B590B00446139A62B181
:108620004021684614ABF8F71DF82146684600F073
:1086300051F810B010BC5DF814FB0420F9E70000FD
:1086400070B50B4C06460D46207828B1802E01D21D
:10865000402D03D3042070BD052070BD05F00CFB38
:108660000028FAD16670A57005F022FB002070BDCD
:10867000FC0100241448F8B5007898B105F0FCFA24
:10868000002810D1114E002411A144F0B000096857
:10869000009103218DF80000684605F074FA05008A
:1086A00002D00DE00520F8BD8022012006EBC411A8
:1086B00005F00EFB050003D1641CE4B2082CE3D3E3
:1086C00005F0F6FA2846F8BDFC010024AC3502247A
:1086D000000010002DE9F041194D04460F4628789E
:1086E00038B14CB105F0C8FA00284FF0000601D1AE
:1086F0001EE00520BDE8F0810420FBE70A280ED02B
:108700006978891D802903D96E70A9780831A9700C
:10871000A9780831402907D905F0CAFAECE76E704C
:10872000A8780830A87002E0394605F041FA641CC8
:1087300020780028E2D105F0BBFA0020DAE700003B
:10874000FC0100240148FBF749B90000582F02241E
:10875000B4EE400AF1EE10FA0BD110EE100A064901
:10876000884206D210EE100A0449884201DA01203C
:108770007047002070470000CAF249F1CAF24971FF
:10878000F0B50E4607462DED028BB0EE408A83B061
:10879000FFF7DEFF88B19FED1B1AB2EE040AF6EE7A
:1087A000000A28EE011A21EE000AB5EEC00AF1EE29
:1087B00010FA05DB30EE200A04E000242B250AE045
:1087C00030EE600A2B25BDEEC00A10EE104A002CD8
:1087D00001DA64422D2539460020FFF731FF0A20D7
:1087E0002B4694FBF0F1324600FB114194FBF0F074
:1087F000CDE90001012004A1FFF70CFF03B0BDEC9F
:10880000028BF0BDE12E654225733A256325336C5A
:10881000642E2530316C64206465670070B50D46A8
:10882000044600202DED028BFFF77CFE00287CD152
:1088300000210846FFF704FF00287BD101213FA05B
:10884000FFF748FF002875D1A5B11821FFF7F8FE02
:1088500000286FD101213DA0FFF73CFF002869D11E
:108860002821FFF7EDFE002864D101213CA0FFF78D
:1088700031FF45E0102094ED010A3EA1FFF780FF93
:10888000182094ED020A3CA1FFF77AFF202094ED16
:10889000030A3AA1FFF774FF94ED078AB0EE480A85
:1088A000FFF756FF20B1B5EEC08AF1EE10FA01D8FD
:1088B000002510E018EE100AB0F17E5F01DB6425A0
:1088C00009E0DFED2F0AB6EE000A08EE200ABCEE42
:1088D000C00A10EE105A94F82000022801D329A4EF
:1088E00002E0012824D028A430210020FFF7A8FEB0
:1088F00000281FD10120234625A12A46FFF78AFE22
:10890000002817D13821FFF79BFE002812D1F9F774
:108910001DFE24A102460120FFF77CFE002809D19C
:10892000BDEC028BBDE8704000E003E0FFF7A2BEA3
:108930001FA4D9E7BDEC028B70BD0000436C6F75BE
:1089400064466C79494D552041545400576169740F
:10895000696E672061747469747564650000000055
:108960004D61686F6E79206E6F74207265616479F5
:1089700000000000520000005000000059000000FC
:108980000000C8423941580049444C4500000000ED
:108990004D41473A25336C752525204D4F44453AC6
:1089A000257300004350553A25336C75252500008A
:1089B000364158002DE9F041044680790D462027C4
:1089C000236801284FF4004604F29C4203EB451152
:1089D000D3F840C0D1F8080B09D0DFF89CE0F4458B
:1089E0003AD1020433D500BFC1F8086B40E0234BF5
:1089F0005FEA007E04D59C453AD90004F4D437E000
:108A00005FEA806E02D5C1F8087B31E010F0280FD4
:108A10002ED19C4501D90004E6D4D1F8101B05EBFA
:108A2000C50004EB8000C1F31201D0F87432A3EB4F
:108A30000101C0F8681200F51570ADB903691BB1EA
:108A4000C2681144C1600FE0206801210AE080067D
:108A50000AD5C1F8087B07E035B9D4F8640218B923
:108A60000021184603F02EFB2046E9B2FAF79FFEDC
:108A70000020BDE8F08100000A31544F0A30544F05
:108A80002DE9F84F0E460568814601EBC60100EB63
:108A90008104D4E909201434904202D90120BDE8B0
:108AA000F88FA168101A814200D20846C01C05EB5D
:108AB000461887081BE000BFA268A0EB010A5245D8
:108AC00000D2924699F806100AF1030000911FFAAD
:108AD0008AF3E16887082846F2B203F06FFEE16886
:108AE00001EB0A00E060616901EB0A006061D8F8FF
:108AF000180980B2B84205D3D4E90401814201D2F9
:108B00000028D9D1D4E90401884208D8D5F834180E
:108B1000012006F00F0290408143C5F83418002070
:108B2000BDE700002DE9F047454D044689464FF06A
:108B3000000A2868C04380070AD0414E283E3068AA
:108B400020F080603060FAF727FA0746B04608E068
:108B50000120BDE8F08700BFFAF71EFAC01B02280B
:108B600067D8D8F800000001F6D4206829684FF4CF
:108B7000FE0721F47C313E0241EA00302860207A71
:108B8000A389B4F804C040022D4D2D495B1E227C00
:108B9000ACF1010C1035091DA0F5007080B2521E19
:108BA000CCF3080C07EA034340EA0C00184306EA3A
:108BB0000262104328600868626920F0C000104318
:108BC00008600A68A06922F0200202430A60281D9A
:108BD0000A6822F010020A6002684FF6F873E4692E
:108BE0009A4342EAC40202600868B9F1000F40F0FB
:108BF00010020A6011D00868B9F1010F11D040F4D9
:108C000000100860D8F80000444640F08060C8F8C2
:108C10000000FAF7C1F905460DE0086840F40020AD
:108C2000EFE740F48010ECE7FAF7B6F9401B0228B2
:108C300001D903208DE720680001F5D5504688E76B
:108C4000284402582DE9F047454D044689464FF027
:108C5000000A2868C04380070AD0414E283E306889
:108C600020F080503060FAF797F90746B04608E0E8
:108C70000120BDE8F08700BFFAF78EF9C01B02287B
:108C800067D8D8F800008000F6D4208829684FF40F
:108C9000FE0721F07C713E0241EA00502860207AF4
:108CA000A389B4F804C040022D4D2D495B1E227CDF
:108CB000ACF1010C1835091DA0F5007080B2521EF0
:108CC000CCF3080C07EA034340EA0C00184306EA19
:108CD0000262104328600868626920F44060104313
:108CE00008600A68A06922F4007202430A60281D25
:108CF0000A6822F480720A6002684FF6F873E46929
:108D00009A4342EAC40202600868B9F1000F40F4D5
:108D100080720A6011D00868B9F1010F11D040F0DB
:108D200080700860D8F80000444640F08050C8F8D1
:108D30000000FAF731F905460DE0086840F48000BC
:108D4000EFE740F40000ECE7FAF726F9401B0228B1
:108D500001D903208DE720688000F5D5504688E7CB
:108D6000284402580148FDF7D9B90000C802002480
:108D700030B585B0044637204FF480720DF1080CF1
:108D8000CDE9001000236946150120468CE82C002F
:108D900000F058FB372141F28832204600F0DEF91E
:108DA00005B030BD30B585B0044629204FF480723F
:108DB0000DF1080CCDE9001000236946150120468D
:108DC0008CE82C0000F03EFB204600F083FA05B052
:108DD00030BD30B50446102085B00DF1080C0201FD
:108DE0000502CDE90010002369468CE82C002046DE
:108DF00000F028FB102141F28832204600F0AEF945
:108E000005B030BD30B585B0044606204FF4807201
:108E10000DF1080CCDE9001000236946150120462C
:108E20008CE82C0000F00EFB062141F2883220462F
:108E300000F094F905B030BD30B585B0054600248A
:108E400069464FF48050009401940294CDE90340A8
:108E5000284600F0F7FA0B4A4FF4FA5041F28831F5
:108E60001268B2FBF0F04843401E03D24FF00040BE
:108E700005B030BD696B0906F6D503492046A963E4
:108E8000F6E700002C000024C500200030B50821C2
:108E9000044685B04FF4D5704A0100234D028DE899
:108EA0002F006946204600F0CDFA204600F07CFAFB
:108EB00005B030BD30B585B0044612204FF4807245
:108EC0000DF1080CCDE9001000236946150120467C
:108ED0008CE82C0000F0B6FA122141F288322046CC
:108EE00000F03CF905B030BD30B585B00446112026
:108EF0004FF480720DF1080CCDE900100023694693
:108F0000150120468CE82C0000F09CFA112141F25A
:108F10008832204600F022F905B030BD30B585B06A
:108F2000044607204FF480720DF1080CCDE90010C3
:108F300000236946150120468CE82C0000F082FAD7
:108F4000072141F28832204600F008F905B030BD13
:108F500010B585B00446002102204FF44072C302D0
:108F60000493CDE90010CDE902216946204600F0C6
:108F700069FA204600F084F905B010BD30B585B01F
:108F8000044609200DF1080C0023CDE900104FF430
:108F9000407269464FF4805520468CE82C0000F062
:108FA00051FA204600F06CF905B030BD10B585B01F
:108FB0000446002133204FF48072CDE90221CDE92F
:108FC0000010130169462046049300F03BFA332158
:108FD00041F28832204600F0C1F805B010BD30B52E
:108FE00085B004460D204FF480720DF1080CCDE9D8
:108FF000001000236946150120468CE82C0000F083
:1090000021FA0D2141F28832204600F0A7F805B080
:1090100030BD30B585B00C460021054603204FF425
:109020008072CDE90221CDE900101301694628467E
:10903000049300F007FA03212246284600F06EF957
:1090400005B030BD10B585B0044600210D204FF4A9
:109050008072CDE90221CDE9001013016946204656
:10906000049300F0EFF90D2141F28832204600F020
:1090700075F805B010BD000010B585B004464FF47A
:10908000807200200C2113018DE80700CDE9030355
:10909000E06840F08000E060E06820F04000E060C0
:1090A0006946204600F0CEF9074A0C21204600F020
:1090B00055F8E168B0F1007F21F08001E16000D156
:1090C000002005B010BD000000E1F50530B585B009
:1090D000044619204FF480720DF1080CCDE9001000
:1090E00000236946150120468CE82C0000F0AAF9FF
:1090F000192141F28832204600F030F805B030BD29
:1091000030B585B0044618204FF480720DF1080C7C
:10911000CDE9001000236946150120468CE82C009B
:1091200000F090F9182141F28832204600F016F83C
:1091300005B030BD70B50A6842624A688262C46A8E
:10914000D1E90225D1E9043624F0FF012A43334353
:109150001A431143C162002070BD000030B5464D76
:109160004FF4FA53434C2D68B5FBF3F353435B1EA6
:1091700002D24FF0004030BD426B2242F7D0920441
:10918000F5D4426B520703D504218163084630BDF4
:10919000426BD20702D00121816306E0354A80325A
:1091A00082630269D2B28A4201D0012030BD00211F
:1091B00000F02AF93149084201D1002030BD0028D1
:1091C00002DA4FF0007030BD410001D5402030BDC3
:1091D000810001D5802030BDC10002D54FF48070E0
:1091E00030BD010102D54FF4007030BD410102D500
:1091F0004FF4806030BDC10102D54FF4006030BD36
:10920000010202D54FF4805030BD410202D54FF427
:10921000005030BD810202D54FF4804030BDC10204
:1092200002D54FF4004030BD410302D54FF4003069
:1092300030BD810302D54FF4802030BDC10302D57B
:109240004FF4002030BD010402D54FF4801030BD32
:10925000410402D54FF4001030BD810402D54FF413
:10926000800030BD000702D54FF4000030BD4FF440
:10927000803030BD450020002C00002408E0FFFDB8
:10928000124B4FF4FA5141F288321B68B3FBF1F1F3
:109290005143491E02D24FF000407047426B12F01A
:1092A000450FF6D09204F4D4416B490703D504214D
:1092B000816308467047416BC90703D00121816370
:1092C0000846704702498163002070472C00002443
:1092D000C50020000F4B4FF4FA5141F288321B6851
:1092E000B3FBF1F15143491E02D24FF000407047E9
:1092F000426B12F0450FF6D09204F4D4416B49074B
:1093000003D5042181630846704703498163002027
:10931000704700002C000024C500200030B5204D0F
:109320004FF4FA5341F288342D68B5FBF3F36343ED
:109330005B1E02D24FF0004030BD446B14F0450F6D
:10934000F6D0A404F4D4436B5B0703D504218163F6
:10935000084630BD436BDB0702D00121816303E087
:109360000369DBB28B4201D0012030BD0D4981631E
:10937000002100F049F810F4604F04D0410406D5F4
:109380004FF4005030BD000C1080002030BD0004B0
:1093900002D54FF4805030BD4FF4803030BD000016
:1093A0002C000024C5002000144B4FF4FA5141F268
:1093B00088321B68B3FBF1F15143491E02D24FF0D2
:1093C00000407047426B12F0450FF6D09204F4D47F
:1093D000416B490703D50421816308467047416BFF
:1093E000C90703D00121816308467047416B4906D4
:1093F00001D5402181630020704700002C0000242B
:10940000006800F00300704708444069704700009E
:1094100030B511434268DDE903542B43034D194332
:1094200021432A400A434260002030BD002CC0FF87
:10943000016841F00301016000207047D0F880000E
:109440007047000070B5084D0A688260C368D1E9B2
:109450000126D1E903412B4032430C4322431343FD
:10946000C360002070BD0000C0E0FEFF0968C0F8C6
:1094700080100020704700000B4810B501780B48A1
:1094800061B90B49097849B10121017004F060FC10
:10949000002807D0BDE8104005F030BC0021017065
:1094A0004170052010BD00001002002404020024B9
:1094B0001102002410B5064C01202070F8F7BCFF03
:1094C00018B9207820F001002070207810BD00002D
:1094D0000802002470B5054604F04AFC044603E087
:1094E000F8F7AAFF002806D004F042FC001BA842AF
:1094F000F6D34FF0FF3070BD2DE9F04F87B00D4629
:109500000446F9F749FD0026069020680821B34675
:109510003746FFF75EFC002833D1B4F844102068CA
:109520000904FFF725FC00282BD1431E4FF0080942
:109530004FF0020A4FF0300C4FF00108CDF80CA0AC
:109540008DE80812CDE9046820686946FFF7F2FD4E
:109550002068FFF72BFD002813D140F22A5820681D
:10956000416B11EA080F06D1416B090315D4BBF119
:10957000000F09D011E0416B090717D5C0F83890EA
:10958000082007B0BDE8F08FFFF758FF06462068B7
:10959000FFF754FF07464FF0010BF9F7FDFC069962
:1095A000401A401CDBD14FF00040EAE7416B8907CD
:1095B00003D5C0F838A00220E3E7416B890603D544
:1095C000202181630846DCE7034A39BA33BA826353
:1095D0000020C5E90013D4E73A0F001870B58CB02D
:1095E00004460020ADF82C00F9F7D6FC05462068AB
:1095F000FFF706FF002853D0A06B032841D0206856
:10960000FFF7A6FC002849D120680021FFF7FCFEE7
:10961000E06604212068FFF7F7FE20670821206834
:10962000FFF7F2FE60670C212068FFF7EDFEA16BEB
:10963000A067032925D041F2883600BFBDF82C0071
:1096400088B3A06B03281CD0BDF82C10616420687F
:109650000904FFF793FC002820D120680021FFF7C0
:10966000D3FEE06504212068FFF7CEFE20660821C6
:109670002068FFF7C9FE60660C212068FFF7C4FE72
:10968000A06604212068FFF7BFFE000D6946206434
:109690002046FCF7D7FBA8B14FF080500CB070BD4E
:1096A0004FF08060FAE7FFE720680BA9FFF7B1FCF5
:1096B0000028F3D1F9F770FC401BB042BED34FF045
:1096C0000040EBE7B4F8441020680904FFF726FCDB
:1096D000E4E700002DE9F84F002604463546B04681
:1096E00000960068FFF7A8FB002828D12068FFF744
:1096F000CDFB04284FF001094FF0805B4FF6FF7758
:1097000002D0C4F83C9008E0E6632068FFF794FBC1
:10971000002814D1E06B01281ED120680021FFF73A
:1097200027FB58B918E020680021FFF721FB00282B
:1097300005D120685146FFF735FB10B15846BDE80A
:10974000F88F20680021FFF75FFE4FEAD0780546CA
:109750000098401C009002E0DFF828A00098B84272
:1097600002D2B8F1000FDED00098B84202D34FF019
:109770008070E4E76800A66301D5C4F83890002043
:10978000DDE70000000010C12DE9F04186B00D4674
:109790000446F9F701FC002107462068FFF734FE74
:1097A000800104D54FF4006006B0BDE8F081206868
:1097B0004021FFF70EFBC0B9B4F84410206809043B
:1097C000FFF7D6FA88B940214FF0FF3060224FF002
:1097D000010C022300268DE84F1020686946FFF730
:1097E000A9FC2068FFF72EFC98B1616B6163DBE791
:1097F000406B000407D500262068FFF71FFE761C8B
:10980000082E01C5F8D3F9F7C7FBC01B401C02D1D5
:1098100027E04FF000482068416B11F4957FE7D0B6
:10982000416B090701D50820BEE7416B890701D5C7
:109830000220B9E7406B80060AD52020B4E700BFBC
:10984000FFF7FCFD01C5F9F7A7FBC01B401C08D0C2
:109850002068416BC904F3D40146034888630020A3
:10986000A2E74046A0E700003A0F001870B5104C80
:1098700005460120207004F06BFA022816D1F8F793
:10988000E7FD18B92846FFF715FE2070207801285B
:109890000CD0606850B9002202210A2004F0E6FAD8
:1098A000606018B9207840F001002070207870BD09
:1098B00008020024144810B58AB014460078C00786
:1098C00002D003200AB010BD39B1012907D0022906
:1098D0000BD0032910D00420F4E70020F2E76846FB
:1098E000F8F7A4FD069900200CE06846F8F79EFD05
:1098F000079900202180E5E76846F8F797FD07996A
:109900000020490A2160DDE7080200242DE9F84320
:1099100047F230541E460125174688462046FFF779
:10992000D9FD00281EDB324639464046F8F7B0FD27
:10993000C0B90F48002223466946406804F05CFA2B
:1099400080B9BDF8000001280CD104F011FA0646D8
:1099500003E000BFF8F770FD38B104F009FA801B8E
:10996000A042F7D32846BDE8F8830025FAE70000B7
:1099700008020024FFF79EBD2DE9F84347F230545A
:109980001E460125174688462046FFF7A3FD0028FE
:109990001EDB324639464046F8F796FDC0B90F48FF
:1099A000002223466946406804F026FA80B9BDF8D3
:1099B000000002280CD104F0DBF9064603E000BFEA
:1099C000F8F73AFD38B104F0D3F9801BA042F7D381
:1099D0002846BDE8F8830025FAE7000008020024C5
:1099E00010B5026840F26F335169946944F008047D
:1099F00094610268946944F01004946102681468E8
:109A000024F001041460026814699C431461026824
:109A1000936823F44043936090F88120042A0CD08B
:109A20008A060AD5D0F8842042F08002C0F884204B
:109A30000268936943F02003936190F88120032A20
:109A40000CD04A060AD5D0F8842042F00402C0F8AF
:109A500084200268936943F0400393618A050AD524
:109A6000D0F8842042F00102C0F884200268936993
:109A700043F400739361C9050AD5D0F8841041F00E
:109A80000801C0F8841001688A6942F480728A6112
:109A90000021A0F86210A0F86A1010BD2DE9F04175
:109AA0001C4616460D460746DDF818800AE000BF42
:109AB000F9F772FAA0EB0800A04202D3601C01D0B3
:109AC0000BE054B13868406935EA000007D0002047
:109AD000B042EDD00020BDE8F0810320FBE701207B
:109AE000F6E70178407841EA0020704710B504009D
:109AF0000CD003F043FC002807D10549342220464E
:109B0000F6F758FF03F054FC002010BD042010BDF0
:109B10003C34022410B504000CD003F02FFC0028C4
:109B200007D1054834222146F6F744FF03F040FCF4
:109B3000002010BD042010BD3C3402242DE9F0416A
:109B4000050019D005F10C020024111F281DF8F79B
:109B500071FB204E18B10446B068401CB06005F19E
:109B60001802111F081FF8F7BBFB48B1B16801F1DB
:109B70000101B1601CB103E00420BDE8F08104469E
:109B800030680027401C306014280DD305F12402F2
:109B90003760111F081FFEF78BF928B1F16801F13A
:109BA0000101F16004B904467068401C70606428CB
:109BB0000BD305F128007760F8F720FC28B1316954
:109BC00001F10101316104B90446F9F7E5F92860B2
:109BD0002046D2E7B4010024FEF716FC4FF47A7455
:109BE000FEF7E6F9204604F0A3F8F9E700F0B4BC6C
:109BF00000F0AABC00F024BC00F05CBB4FF0E020F9
:109C000010B5006906F00EFA012803D0BDE8104037
:109C100005F0E2BC10BD0000F0B59DB04C216846D7
:109C2000F6F724FF202113A8F6F720FF0220FAF709
:109C3000D9FA224800252249026842F440420260D3
:109C400002680A6842F001020A60096801F0010135
:109C50001B9101688904FCD5402422220092012135
:109C60000522CDE9031402200691CDE90905CDE9CD
:109C70000D023C260F900C27129504236846CDE96F
:109C80001075CDE90B36FBF751FD08B172B6FEE752
:109C900008221A94CDE91624D30113AA3F200321E8
:109CA000CDE9184382E82300042113A8FBF700FB49
:109CB000002801D072B6FEE71DB0F0BD184802586A
:109CC0002C0400583348F0B5334A016841F4700160
:109CD0000160106800F00F00072804D2106820F01F
:109CE0000F00C01D10602D4900202C4C10340B6853
:109CF0002B4D43F001030B6020600B682B400B6081
:109D0000136803F00F03072B04D9136823F00F0324
:109D1000DB1D1360214C234A1834234B261D371DAD
:109D200020601E4C214D28343060261D3860371DC0
:109D300023603B1D35601C1D3A60251D2E1D1860DB
:109D4000331D22602860326018600A68134B184C7B
:109D500022F4802260330A60186020686FF30F00DD
:109D6000B0F1005F03D213490120C1F808010B488C
:109D7000D4300168C9040BD4026843F2D2010E4BFF
:109D800042F4805202601960016821F48051016040
:109D9000F0BD000088ED00E00020005200440258B1
:109DA0007FEDF6EA80020101000202020000FF01DD
:109DB0000010005C00800051004000520148FDF797
:109DC0003CBA0000340500242DE9F047294B4FF040
:109DD000804A294D02689842284E294F294C09D0C3
:109DE000504507D0A84205D0B04203D0B84201D0B8
:109DF000A04205D1D1F804C022F070024CEA020260
:109E0000DFF884C0DFF884809842DFF884900FD0B8
:109E100050450DD0A8420BD0B04209D0B84207D06F
:109E2000A04205D0604503D0404501D0484503D14C
:109E3000CD6822F440722A438E684D6922F0800278
:109E4000C6620E682A439842866207D0A04205D0B7
:109E5000604503D0404501D0484501D109690163FF
:109E60000368012143F00403036041610260BDE81F
:109E7000F08700000000014000040040000800409E
:109E8000000C00400004014000400140004401403B
:109E90000048014010B5046A012301F01F018B4006
:109EA0009C4304628A40016A1143016210BD42EA88
:109EB000032283680A4323F47F410A438260704788
:109EC000034B82681A400A4342F0070181607047E1
:109ED0008FFFCFFF2DE9F04FDFF88C80234EDFF8A6
:109EE0009090DFF890B0026A036AB042DFF888A071
:109EF00022F0020C214F23F00102026243688569BF
:109F00008A680C6805EA080525F0030542EA0C0298
:109F100044EA050407D0484505D0584503D05045CC
:109F200001D0B84208D1D0F820C022F008052CF0AA
:109F300004020262CA682A43B04207D0484505D0ED
:109F4000584503D0504501D0B84205D123F440769E
:109F5000D1E9055335432B4343608461496841632C
:109F60000262BDE8F08F00008FFFFEFF000001409D
:109F7000000401400040014000440140004801400D
:109F8000F0B5DFF880E0204C204D026A036AA04261
:109F900022F0200623F01003036242688369D1F89F
:109FA00008C00F6803EA0E0323F4407E46EA0C1350
:109FB0004EEA072601D0A84208D1076A23F08003A1
:109FC00027F040070762CF6843EA0713A0420AD090
:109FD000A84208D00E4CA04205D00E4CA04202D0A0
:109FE0000D4CA04207D1D1E9054522F4406242EA76
:109FF000840242EA850242608661496881630362A5
:10A00000F0BD0000FF8FFFFE000001400004014092
:10A01000004001400044014000480140F0B5DFF835
:10A0200080E0204D204E026A036AA84222F40077A5
:10A0300023F4807303624368C269D1F808C002EA5E
:10A040000E020C6822F0030E47EA0C2244EA0E04CA
:10A0500001D0B04208D1076A22F4006227F4806779
:10A060000762CF6842EA0722A8420AD0B04208D06D
:10A070000E4DA84205D00E4DA84202D00D4DA8426B
:10A0800007D1D1E9055623F4405343EA051343EAC7
:10A0900006134360C4614968C1630262F0BD0000F9
:10A0A0008FFFFEFF0000014000040140004001401E
:10A0B0000044014000480140F0B5046A026A22F4FD
:10A0C000805202624268C36924F40054DFF848C039
:10A0D0008E680D6803EA0C03104F23F4407344EAC2
:10A0E0000634B84243EA05230BD00D4DA84208D0F0
:10A0F0000C4DA84205D00C4DA84202D00B4DA842F1
:10A1000004D14D6922F4804242EA85124260C36163
:10A11000496801640462F0BDFF8FFFFE000001404A
:10A12000000401400040014000440140004801405B
:10A13000F0B5164F164B026A046A984222F40035B5
:10A1400024F4803303624268436D0E890C6803EA8D
:10A15000070344EA030445EA06430BD00D4DA84229
:10A1600008D00D4DA84205D00C4DA84202D00C4D90
:10A17000A84204D14D6922F4803242EA05224260AD
:10A180004465496881650362F0BD00008FFFFEFFF2
:10A190000000014000040140004001400044014033
:10A1A00000480140F0B5164F164B026A046A984207
:10A1B00024F48013036222F400144268436D0E8974
:10A1C0000D6803EA070344EA065443EA05230BD06B
:10A1D0000D4DA84208D00D4DA84205D00C4DA84207
:10A1E00002D00C4DA84204D14D6922F4802242EAEB
:10A1F0008522426043654968C1650462F0BD000084
:10A20000FF8FFFFE000001400004014000400140BC
:10A21000004401400048014030B5114C036A056A12
:10A22000A04225F0010404620BD00E4CA04208D0DD
:10A230000D4CA04205D00D4CA04202D00C4CA042C7
:10A2400003D1046A24F004040462846923F00A033D
:10A250000B4324F0F00444EA02118161036230BD33
:10A260000000014000040140004001400044014062
:10A270000048014030B50D4C036A056AA04225F044
:10A280001004046202D00A4CA04203D1046A24F0F4
:10A2900040040462846923F0A00343EA011124F41A
:10A2A000704444EA02328261016230BD0000014024
:10A2B0000004014000240125A046F6B0FEF75EF937
:10A2C000060003D0F8F768FE55B904E04FF0010925
:10A2D00041F2883B10E0A0EB0801B1F57A7F06D38C
:10A2E000002580460120324638A1F8F7AFF94FF437
:10A2F0007A7003F01DFDE1E76CA8F7F7EFFE0600AA
:10A3000003D0F8F749FE25BB1EE0F8F745FE6C992F
:10A3100019B1401AB0F5FA7F01D9012100E00021FE
:10A320006CA8FEF77BFA06001AD04FF00009F8F788
:10A3300033FE25B9A0EB0801B1F57A7F10D30025D3
:10A34000804627A1324608E0A0EB0801B1F57A7FEC
:10A3500006D30025804627A132460120F8F776F97A
:10A36000F8F71AFE021B5A4528D30C21044675AA99
:10A37000684604F057FD070020D0759AF2B102201C
:10A3800023A1F8F763F9002616E000BF06EBC6022A
:10A390006846642100EB820A759A0023DAF81800F7
:10A3A000A0FB0101F6F7C2F8DAF8042020A1034669
:10A3B0000220F8F74BF9761CBE42E7D3322003F0B7
:10A3C000B7FCB9F1000F97D178E700004F4C454436
:10A3D00020696E6974206572723D2564000000007A
:10A3E0004F4C45442072656E646572206572723D03
:10A3F000256400004F4C4544206174746974756491
:10A400006520676574206572723D25640000000058
:10A410002D2D2D20435055207374617473202874A2
:10A420006F74616C3D256C7529202D2D2D00000069
:10A430002020252D3136732025336C75252500000D
:10A440002DED028BD4B0F8F7A7FD00255290012620
:10A450006846DFED321A9FED321ADFED320A9FEDCA
:10A46000320AF8F75DF945A8FFF740FB040003D076
:10A47000F8F792FDD6BB41E0F8F78EFD52A90446ED
:10A48000FDF7ECFFF0EE408A45A8FDF7F9FF49A87B
:10A49000B0EE408A90EC030AF0EE681A6846F8F7CE
:10A4A0007DF946A8B0EE483A90EC030A4CA8D0ECEF
:10A4B000031A6846F8F77AFA24213CA8F6F7D6FA88
:10A4C0003FAB68463EAA3C943DA9F8F7E1F842ABA1
:10A4D000684641AA40A9F8F7CAF818EE100A1349CD
:10A4E0008DED438A884202DB022001E00AE0012070
:10A4F0008DF810013CA8F7F705FE0AE0411BB1F505
:10A500007A7F06D3002605460120224608A1F8F7E7
:10A510009DF8052003F00CFCA5E700009A99993EF0
:10A52000CDCCCC3D6F12833A0AD7233CCDCCCC3D69
:10A53000454B462073656E736F72206765742065A6
:10A5400072723D2564000000B6EE000AFDF77AFA4B
:10A55000642003F0EDFBFBE78EB034216846F6F78C
:10A5600085FA0026012735460DF130086846FFF7C9
:10A57000E5FA761C0446642E10D39DED0B0A0026E6
:10A580008DED0D0A0DA8F7F701FF08B12CB105E01C
:10A590009DED0D0A8DED0B0A00E004464046FDF7E7
:10A5A00023FA6846FFF7B6FA6CB1F8F7F5FC1FB965
:10A5B000411BB1F57A7F06D30027054601202246CC
:10A5C00003A1F8F743F8052003F0B2FBCEE7000043
:10A5D00053656E736F722073616D706C6520657268
:10A5E000723D25640000000030B5416EB9B10168CC
:10A5F0000D4B03F108048A688968C2F34262490F6F
:10A600005D5C615C2D01B5FBF1F1A0F86A10995C0D
:10A61000A25C0901B1FBF2F1A0F8681030BD012184
:10A62000A0F86A10F8E70000B806010890F82810B2
:10A63000090706D50168836B4A6822F400421A4371
:10A640004A6090F82810C90706D00168C36A4A68B2
:10A6500022F400321A434A6090F82810890706D580
:10A660000168036B4A6822F480321A434A6090F80A
:10A670002810490706D50168436B4A6822F48022F6
:10A680001A434A6090F82810C90606D50168C36BC2
:10A690008A6822F480521A438A6090F8281089064A
:10A6A00006D50168036C8A6822F400521A438A6056
:10A6B00090F82810490611D50168436C4A6822F4C5
:10A6C00080121A434A60416CB1F5801F06D10168BF
:10A6D000836C4A6822F4C0021A434A6090F828103A
:10A6E000090606D50168C26C486820F400201043B2
:10A6F000486070472DE9F84300250446C0F89050A3
:10A70000F8F74AFC8046206820266FF07E470068F4
:10A71000000713D50022434631042046009700F07D
:10A720003FFA58B1216851E8000F20F0800041E85D
:10A730000002002AF6D1C4F8886021E02068006891
:10A74000400722D5002243464FF48001204600975F
:10A7500000F026FAC8B1206850E8001F21F490717B
:10A7600040E80012002AF6D12068083050E8001FA7
:10A7700021F0010140E80012002AF5D1C4F88C60F4
:10A78000032084F88450BDE8F883C4F88860C4F8D6
:10A790008C60E5662567002084F88450F3E70000AC
:10A7A00010B5026852E8001F21F4907142E80013CE
:10A7B000002BF6D10E4B0268083252E8001F1940F8
:10A7C00042E80014002CF6D1C16E012908D10268BC
:10A7D00052E8001F21F0100142E80013002BF6D1CF
:10A7E00000212022C0F88C20C166416710BD000006
:10A7F000FEFFFFEF2DE9F04304468068D84E87B096
:10A80000D84B2168D4E90427D4F81CC010430A6847
:10A81000002547EA0C073843324002430A602068AB
:10A82000E268416821F44051114341602268A16906
:10A830009A4201D0206A01439768DFF82CC3CB4EBF
:10A84000CB4807EA0C070F4397602168676ACA6A1A
:10A8500022F00F023A43CA622268B2420ED1006867
:10A8600000F03800182873D047DCB8B3082879D036
:10A8700010286FD178E028287ED17BE0BD498A423C
:10A8800009D1006800F00700062875D2DFE800F063
:10A89000546A6C6E7072B8498A4209D1006800F03F
:10A8A0000700062868D2DFE800F0475D5F61636556
:10A8B000B2498A4209D1006800F0070006285BD23D
:10A8C000DFE800F03A5052545658AD498A420BD155
:10A8D000006800F0070006284ED200E010E0DFE834
:10A8E00000F02B4143454749A6498A420AD10068F6
:10A8F00000F03800182839D0B7DD2028BBD13CE063
:10A9000001203AE0A0498A4209D1006800F007001E
:10A91000062831D2DFE800F01026282A2C2E9B4989
:10A920008A420BD1006800F00700062824D2DFE835
:10A9300000F003191B1D1F2100201EE09A421BD1AD
:10A940008B48001D006800F00700062814D202E0C2
:10A950000CE007E010E0DFE800F0030507090B0D4D
:10A9600002200AE0042008E0082006E0102004E0AD
:10A97000202002E0402000E080208549DFF814829A
:10A980009A42854A4FF400434FEA21174FF00006E0
:10A990004ED110281AD006DC022809D004280BD08A
:10A9A00008287CD10DE020283ED0402877D13DE01A
:10A9B000F9F74AFC014610E06846F9F7FBFC0199FB
:10A9C0000BE003A8F9F798FD049906E010688006EB
:10A9D00005D51068C0F3C100C140002970D0606A7D
:10A9E000676838F8102007EB4703B1FBF2F08342A9
:10A9F00055D8B0EB073F52D8002308461946F5F763
:10AA000095FD02467808130E120243EA0121101840
:10AA10003A4671410023F5F789FD604AA0F540717F
:10AA200091423CD821688FE03946D8E71946D6E7ED
:10AA3000D4F81CC04FF6EF799C4546D1082819D0B0
:10AA400005DC58B101280CD0042875D10DE0102880
:10AA500015D0202835D040286ED134E0FAF7A6FD75
:10AA600001E0FAF7B5FD014610E06846F9F7A2FCEF
:10AA700001990BE003A8F9F73FFD049906E010687F
:10AA8000800604D51068C0F3C100C140C1B1636A3B
:10AA9000606838F81330B1FBF3F1490000E04BE097
:10AAA00001EB5001B1FBF0F0A0F11001494543D892
:10AAB0004FF6F0732168C0F342021840104343E0A0
:10AAC00043E03946E3E71946E1E7082819D005DCF9
:10AAD00058B101280CD004282ED10DE0102815D033
:10AAE00020282BD0402827D12AE0FAF75FFD01E08B
:10AAF000FAF76EFD014610E06846F9F75BFC019934
:10AB00000BE003A8F9F7F8FC049906E0106880064A
:10AB100004D51068C0F3C100C140B1B1636A606878
:10AB200038F81330B1FBF3F101EB5001B1FBF0F059
:10AB3000A0F11001494505D9012506E03946EDE7A8
:10AB40001946EBE7216880B2C8600120A4F86A00CA
:10AB5000A4F8680028466667A66707B0BDE8F083DA
:10AB6000F369FFCF000C0058FFF4FF110010014003
:10AB7000544402580044004000480040004C00404B
:10AB8000005000400014014000780040007C00406C
:10AB90000090D003A006010800440258FFFC0F00FB
:10ABA0002DE9F047994617460D460446089E4FF09A
:10ABB000000833E0701C31D0F8F7EEF9A0EB090083
:10ABC000B04218D8BEB120680168490726D5802D4B
:10ABD00024D0402D22D0C169C94309070DD40825CE
:10ABE00005622046FFF7DCFDC4F89050012084F890
:10ABF0008480BDE8F0870320FBE7C069C0430005FF
:10AC00000CD421684FF4006008622046FFF7C8FDAD
:10AC10002021C4F8901084F88480ECE72068C06993
:10AC200035EA000004D00020B842C3D00020E0E79D
:10AC30000120F9E72DE9F0410C46D0F8D412D0F804
:10AC4000C83200EB8101D1F8C01229B304F00F0221
:10AC5000002702EB820500EB850675694DB102EB1A
:10AC6000C20203EB8202D269B5FBF2F302FB13527C
:10AC7000A2B1C1F81472D0F8D42200EB8200D0F84F
:10AC8000C40203692BB1D1F8080201F50471224610
:10AC900098470020BDE8F0810320FBE70023214610
:10ACA0001A46776100F0DCFDF3E770B50546D0F891
:10ACB000D40205EB8000D0F8C04294B1284600F0E1
:10ACC000ABFCC4F80C02D5F8D40205EB8000D0F838
:10ACD000C412D4F80402CA6804F503719047002036
:10ACE00070BD032070BD000070B5234D0446297867
:10ACF00000F0D0FB2878002600F00F0000EB800069
:10AD000004EB800080F823602046697800F0C2FBE5
:10AD1000687800F00F0000EB800004EB800080F802
:10AD200063612046A97800F0B5FBA87800F00F0019
:10AD300000EB800004EB800080F82360C661D4F84B
:10AD4000D40204EB8000D0F8C01299B1D0F8C4024C
:10AD500040688047D4F8D40204EB8000D0F8C002E9
:10AD600000F0AAFFD4F8D40204EB8000C0F8C0625F
:10AD7000C4F8BC62002070BD2801002410B5D0F8D2
:10AD8000D41200EB8100D0F8C04284B1D0F8C412D4
:10AD900059B194F80002FF2807D08B68214694F837
:10ADA00001229847FF2084F80002002010BD0320F4
:10ADB00010BD00000A210180004870472C010024CA
:10ADC00070B5822106460D4800F0E7FA01210546DC
:10ADD0000A4800F0E2FA81210446084800F0DDFA52
:10ADE0000DB11021A9714FF0400104B1A18000B153
:10ADF000818043203080014870BD0000380100246C
:10AE000070B5822106460D4800F0C7FA01210546BB
:10AE10000A4800F0C2FA81210446084800F0BDFA51
:10AE20000DB11021A9714FF4007104B1A18000B1DE
:10AE3000818043203080014870BD0000380100242B
:10AE400070B5822106460D4800F0A7FA012105469B
:10AE50000A4800F0A2FA81210446084800F09DFA51
:10AE60000DB11021A9714FF0400104B1A18000B1D2
:10AE7000818043203080014870BD000038010024EB
:10AE80002DE9F0474FF407750446284600F016FFF9
:10AE900006004FF0000967D02946F5F7E7FDD4F822
:10AEA000D40201273E4D4FF4007A4FF0100804EB16
:10AEB0008000C0F8C062C4F8BC62207CE8B3297886
:10AEC00040230222204600F014FC2878402300F0A2
:10AED0000F0000EB800004EB800080F8237002225A
:10AEE0006978204600F005FC697808230322204693
:10AEF00001F00F0101EB810104EB810181F8637125
:10AF0000A97801F00F0101EB810104EB8101C1F887
:10AF10001C80A97800F0EDFBA978C84601F00F016C
:10AF200001EB810104EB810181F82370C6F80492E2
:10AF3000D4F8D40204EB800000E01DE0D0F8C40295
:10AF400006F5017600688047C6F81080C6F81480C0
:10AF500032687AB1207C00B340236978204600F043
:10AF6000D4FB0020BDE8F087D4F8D41204EB8101B3
:10AF7000C1F8C0920220F5E7297802225346204604
:10AF800000F0B7FB2878534600F00F0000EB80007C
:10AF900004EB800080F82370A1E75346DDE7000052
:10AFA0002801002410B5D0F8D41200EB8101D1F8AB
:10AFB000C01259B1027C084C002AD1F8042207D0F3
:10AFC0004023617800F0A1FB002010BD032010BDDC
:10AFD0004FF40073F5E700002801002439B1D0F8E0
:10AFE000D42200EB8200C0F8C41200207047032076
:10AFF0007047D0F8D42200EB8200D0F8C00218B11C
:10B00000C0F804120020704703207047D0F8D432F3
:10B0100000EB8300D0F8C00228B1C0F81022C0F8BD
:10B02000081200207047032070472DE9FC410646B6
:10B03000D0F8D4020C46002106EB80000D46D0F873
:10B04000C0728DF80010ADF8041037B1217811F0FE
:10B0500060022CD0202A48D102E00320BDE8FC8108
:10B06000E288E2B109060BD5D0F8C40239468368FC
:10B0700060789847E288072A00D9072239462CE0F1
:10B08000607887F80002E088402800D340203946E5
:10B09000C2B2304687F8012200F057F82AE0D0F813
:10B0A000C4020022214683686078984722E06078D5
:10B0B00030B101281ED00A2809D00B2815D110E084
:10B0C00096F89C02032810D1022201A905E096F807
:10B0D0009C02032809D101226946304600F051F84C
:10B0E00008E096F89C02032804D02146304600F080
:10B0F00021F803252846B1E710B5D0F8B82200247E
:10B100005268904700B10324204610BD00207047CC
:10B110000020704713460A46002110B500F0F5FAEA
:10B12000002010BD13460A46002110B500F098FB20
:10B13000002010BD10B58021044600F072FB2046AF
:10B14000BDE81040002100F06CBB10B50323C0F82F
:10B150009432C0F85421C0F864111346C0F8582145
:10B160000A46002100F0D1FA002010BD10B50521DB
:10B17000C0F8941200231A46194600F0C6FA0020BF
:10B1800010BD10B50223C0F89432426141621346EB
:10B1900082610A46002100F063FB002010BD10B55B
:10B1A0000421C0F8941200231A46194600F058FBF7
:10B1B000002010BD04A00A46024910B500F01BF99A
:10B1C000004810BD381B022443444320436F6E6681
:10B1D000696700001220088000487047E0000024E2
:10B1E00004A00A46024910B500F005F9004810BD58
:10B1F000381B022443444320496E746572666163C0
:10B20000650000000420088000487047DC0000242E
:10B2100004A00A46024910B500F0EDF8004810BD40
:10B22000381B022453544D6963726F656C656374F7
:10B23000726F6E696373000004A00A46024910B57C
:10B2400000F0D9F8004810BD381B022453544D3388
:10B2500032205669727475616C20436F6D506F7245
:10B260007400000010B51A2008800B480A49083005
:10B27000021F096800681468081809D007490822E5
:10B28000FCF76AFE0549042220461031FCF764FEF3
:10B290000248801E10BD000000E8F11FF6000024E7
:10B2A000F8B504460D460020ADF800004888010AB4
:10B2B000062947D006DC01290FD0022912D0032924
:10B2C00062D11DE0072946D00F295DD1D4F8B40220
:10B2D000C26920E0694690473BE0D4F8B412207C74
:10B2E0000A68F7E7207C02260028D4F8B80205D0C7
:10B2F000C16A684688470146467036E0816AF8E7C9
:10B30000C0B2062840D2DFE800F003090D1115197C
:10B31000D4F8B4024268B2B3207CDBE7D4F8B402BC
:10B320008268F8E7D4F8B402C268F4E7D4F8B4024B
:10B330000269F0E7D4F8B4024269ECE7D4F8B40249
:10B340008269E8E7207CF0B9D4F8B802416B68461E
:10B350008847014609E0207CA8B9D4F8B802016BFF
:10B3600068468847014607204870EA888AB1BDF8D8
:10B37000000040B1824200D902462046ADF80020CC
:10B38000FFF7FFFEF8BDFFE729462046FFF7D2FE94
:10B39000F8E72046FFF703FFF4E778B542880D464B
:10B3A0000178002604468A4212D9ADF800100AE05E
:10B3B000694600F019F84178052904D181780646DC
:10B3C000A94205D000266188BDF800209142EFD83F
:10B3D000304678BD002102E0491C401CC9B2027809
:10B3E000002AF9D1084670470A8803781A440A806F
:10B3F00001780844704770B5002816460D4620D0E5
:10B400000446FFF7E7FF02220146100202EB41016A
:10B41000814204D82046FFF7DDFF4000801C3080C9
:10B420003378032102202B700022697006E0431C50
:10B430002954D8B2411C641C2A54C8B2217800296E
:10B44000F5D170BD01004FF0000004D0012901D0FA
:10B45000022901D0032070470120704778B10023F2
:10B46000C0F8B832C0F8C432C0F8D03209B1C0F860
:10B47000B4120121027080F89C1200F0D1B80320B0
:10B48000704710B5D0F8C802F8F7D3F9BDE81040FE
:10B49000FFF7D8BF10B5D0F8C802F8F7A5F9BDE896
:10B4A0001040FFF7CFBF70B504464FF0000521B143
:10B4B00094F89C02032845D04FE0D4F8941204F18C
:10B4C0001400022938D1818942688A4209D9036966
:10B4D0008EB2521A4260991901612046FFF722FE8E
:10B4E0000FE0914214D10068884211D3D4F8981229
:10B4F00088420DD2002220461146FFF713FEC4F801
:10B50000985200231A461946204600F0FEF813E030
:10B5100094F89C02032808D1D4F8B802C16821B17C
:10B52000C4F8D452C168204688478021204600F0E4
:10B5300078F92046FFF71AFE94F8A00268B184F863
:10B54000A0520AE0D4F8B802426932B1C4F8D45229
:10B55000426920469047002800D1002070BD70B598
:10B5600004464FF0000221B194F89C02032834D025
:10B570003EE0D4F8941204F5AA70032938D18189E9
:10B5800043688B420ED902698DB25B1A4360511930
:10B590000161A8B21A46834200D802462046FFF74E
:10B5A000B9FD25E094F8AA0210F01F0003D001288D
:10B5B00002D0022800D0002294F89C02032808D16F
:10B5C000D4F8B802016921B1C4F8D4220169204637
:10B5D00088472046FFF7E3FD0AE0D4F8B802836904
:10B5E00033B1C4F8D422826920469047002800D1A4
:10B5F000002070BD0020704710B5D0F8B8120122AD
:10B6000080F89C22002429B103794A68D9B2904776
:10B6100000B10324204610BDD0F8C802F8F736B9AF
:10B6200070B5017839BB15490925154C0223002254
:10B63000C1F8E004C0F8C81208460C600D71CB7167
:10B640008A714B728A72CA720A734A738A73CA7396
:10B65000F8F7A0FC08B1F7F72BFB08488021F8F7B2
:10B6600072F8064840220021F8F771F8034880225A
:10B670000121F8F76CF8002070BD0000582F02245B
:10B6800000000840D0F8C82201F07F000B0600EB54
:10B69000C00002EB800001D5807D704790F8560213
:10B6A000704710B5D0F8D42200EB8202D2F8B8224D
:10B6B00022B190F89C32032B02D004E0032010BD8D
:10B6C000126A02B19047002010BD10B5D0F8D42204
:10B6D00000EB8202D2F8B82222B190F89C32032B00
:10B6E00002D004E0032010BD526A02B1904700204E
:10B6F00010BD10B51C46D0F8C80213462246F8F714
:10B70000CEF8BDE81040FFF79DBE10B5D0F8C802D6
:10B71000F8F7F6F8BDE81040FFF794BE2DE9F041C8
:10B72000044601250020D4F8B812064684F89C523D
:10B73000C4F894026060C4F8A40284F8A00231B195
:10B740004A6822B100212046904700B103262046D6
:10B75000002240231146FFF7CCFF402784F86351B5
:10B7600000223B4680212046A4F86071FFF7C1FF0C
:10B7700084F8235030462784BDE8F08190F89C126D
:10B78000042903D190F89D1280F89C120020704784
:10B7900010B590F89C12032905D1D0F8B81211B158
:10B7A000C96901B18847002010BD017400207047AD
:10B7B00010B5D0F8C802F8F7C1FCBDE81040FFF79B
:10B7C00041BE70B5044600F2AA20054600F051F8CB
:10B7D00094F8AA020123B4F8B01210F01F02C4F8C2
:10B7E0009432C4F898120AD0012A0ED0022A12D03C
:10B7F00000F080012046BDE8704000F012B82946F4
:10B800002046BDE8704000F0D1B829462046BDE88A
:10B81000704000F017BA29462046BDE8704000F09D
:10B820005CB910B5D0F8C802F8F784F8BDE810404C
:10B83000FFF708BE10B5D0F8C802F8F799FCBDE8CC
:10B840001040FFF7FFBD90F89C12042903D090F838
:10B850009C1280F89D12042180F89C1200207047F1
:10B8600010B5D0F8C802F8F79EF8BDE81040FFF711
:10B87000E9BD70B5054608788C1C2870487868705A
:10B880002046FEF72EF9A41C68802046FEF729F911
:10B89000A880A01CFEF725F9E88070BD38B50446E5
:10B8A0000020ADF80000A1B1C4F8B812D4F8D40259
:10B8B00004EB8000D0F8B802C16A19B16846884725
:10B8C000C4F8D002D4F8D802401CC4F8D802002032
:10B8D00038BD032038BDD0F8B83202460020002B16
:10B8E00002D01B6810461847704700002DE9F04150
:10B8F0002C4E0446887800258846C1B20129317053
:10B9000006D941462046FFF715FC0320BDE8F0812B
:10B9100094F89C02022702280CD003281DD041462F
:10B920002046FFF707FC31782046FFF7E5FB0325AB
:10B930002846EBE789B320466160FFF7CCFF05009E
:10B9400004D041462046FFF7F5FB1DE02046FFF7F7
:10B9500026FC032084F89C02EAE7C1B160688842B3
:10B960001BD0C1B22046FFF7C7FB3178204661608B
:10B97000FFF7B1FF050010D041462046FFF7DAFB84
:10B9800021792046FFF7B8FB84F89C72D0E761600C
:10B9900084F89C722046FFF7AFFB2046FFF7FFFBC1
:10B9A000C6E7000024010024FFF744BF2DE9F04161
:10B9B0000A784FF0000512F060020CD0202A01D066
:10B9C000402A7DD1D0F8D42200EB8202D2F8B822EE
:10B9D0009268904731E04B78002201260A2B6FD203
:10B9E000DFE803F041666E586E08056E2D29FFF7FB
:10B9F00057FC67E004468888D8B9C888C8B9488821
:10BA0000802816D294F89C2200F07F07032A10D0D9
:10BA10003946204684F89E72FFF7CAFE2046FFF79B
:10BA2000BEFB1FB1022084F89C024BE084F89C62AC
:10BA300048E0204644E0FFF759FF054642E0CB8846
:10BA4000012B3DD190F89C32012B04D0022B02D067
:10BA5000032B35D104E000F108018260012216E0D9
:10BA60000122011D13E090F89C22012A03D0022A32
:10BA700001D0032A24D1CA88022A21D1D0F8A412E5
:10BA8000C66009B10321C160022200F10C01FFF779
:10BA900078FB17E04A88012A02D0022A03D00FE07F
:10BAA000C0F8A46216E08988090A80F8A01211E0A3
:10BAB00090F89C32012B08D0022B06D0032B04D027
:10BAC000FFF738FB2846BDE8F08149880129F9D104
:10BAD000C0F8A422FFF763FBF4E72DE9F0410A78F0
:10BAE0000E460979054612F060004FF00008CCB20E
:10BAF0000BD0202801D040286BD121462846FFF7E3
:10BB000005FBFF2800D0D8B399E07078C8B30128AE
:10BB100024D003285DD195F89C02022802D0032886
:10BB200057D10CE0002C54D0802C52D0214628460E
:10BB3000FFF777FE80212846FFF773FE7FE07088CD
:10BB400040B93CB1802C05D0F08818B92146284670
:10BB5000FFF767FE2846FFF722FB70E095F89C028E
:10BB60000228DFD0032866D1708888BB600603D026
:10BB700021462846FFF785FC2846FFF710FBBCE767
:10BB800000E00AE0C5F8D402D5F8B8028268FAB13C
:10BB9000314628469047804651E095F89C020027A0
:10BBA000022802D0032846D114E00CB1802C42D1E7
:10BBB000200604F07F0000EB800005EB800101D53A
:10BBC000143101E001F5AA71022201F80E7F2EE086
:10BBD00035E030E0200604F00F0000EB800005EBBC
:10BBE00080000AD590F8230028B304F07F0000EB12
:10BBF000800005EB800614360AE090F86301D0B1AE
:10BC000004F07F0000EB800005EB800606F5AA76C5
:10BC10004CB1802C07D021462846FFF733FD10B1E8
:10BC20000120B07300E0B773022206F10E0128462E
:10BC3000FFF7A7FA03E031462846FFF77BFA4046B4
:10BC4000BDE8F08170B5054608780E464FF0000457
:10BC500010F0600003D0202801D0402827D195F8AB
:10BC60009C02012803D0022801D003281FD1B088EC
:10BC7000C1B201291AD8C1B22846FFF749FAFF28F4
:10BC80000CD058B9D5F8B8128A683AB1C5F8D402C0
:10BC900028468A6831469047044600E00324F0882D
:10BCA000204307D12846FFF77AFA03E031462846B9
:10BCB000FFF740FA204670BD70470000004870470B
:10BCC000382D022470B54D7801230A78012D1C4CC3
:10BCD00002F00F0503FA05F3D0F81C5817D000EB5B
:10BCE000421245EA0343C0F81C38D2F8000B0004A6
:10BCF0000BD40B890979D2F8000BC3F30A0318435C
:10BD000044EA81410843C2F8000B002070BD9EB296
:10BD10003543C0F81C5800EB4213D3F80009000467
:10BD2000F3D40D890979D3F80009C5F30A0589040C
:10BD3000284341EA825108432043C3F80009E4E75D
:10BD400000800010D0F800196FF30A01C0F8001944
:10BD5000D0F8041841F48071C0F80418002070472E
:10BD600070B50D460446C2F307211E46049801290A
:10BD700026D0E06840F04000E060204600F040F847
:10BD8000C6F307210029A16B32D021F48031A163D1
:10BD9000C5F30741012912D1E16D174A89B2E16566
:10BDA000E16D1143E165A16821F01E01A160A16868
:10BDB00041F00601A160A16841F02001A16070BDC1
:10BDC000A26BC3B20D49012B22F48030A063E0685E
:10BDD00000EA0100E060E06820F44010E06003D178
:10BDE000E06840F48010E060204600F009F8CFE7FA
:10BDF00041F48031CBE700000000EE03BFFFBDFF40
:10BE000008B500224FF070610092521C8A420092E5
:10BE100012D80269002A01DB009AF6E70A22009292
:10BE2000521E0092FCD1026942F001020261009AA6
:10BE3000521C00928A4201D9032008BD0269D20730
:10BE4000F5D1002008BD000070B50A7801234C78B8
:10BE5000012C00EB42122CD0D2F8004B002C0BDA54
:10BE6000D2F8004B44F00064C2F8004BD2F8004B0B
:10BE700044F08044C2F8004B0C78D0F83C5804F0F1
:10BE80000F0403FA04F425EA0444C0F83C48097896
:10BE9000D0F81C4801F00F018B401C4924EA0343F1
:10BEA000C0F81C38D2F8000B0840C2F8000B002084
:10BEB00070BDD2F80049002C0BDAD2F8004944F0EA
:10BEC0000064C2F80049D2F8004944F08044C2F846
:10BED00000490D78D0F83C4805F00F050C4E03FAE8
:10BEE00005F5ADB2AC43C0F83C48D0F81C48097821
:10BEF00001F00F018B4099B28C43C0F81C48D2F876
:10BF000000093040C2F80009D1E700000078F3EFE3
:10BF1000007833ECD0F8001E21F00301C0F8001EB9
:10BF2000D0F8041821F00201C0F80418002070476E
:10BF3000D0F8001E21F00301C0F8001ED0F804184C
:10BF400041F00201C0F80418002070472DE9F04FBD
:10BF500000250F46904604462E46284604EB8001F5
:10BF6000C1F80451401C0F28F8D3C3F307405FEA1F
:10BF70000009204610D0806B40F40011C4F838103E
:10BF8000C8F30720C4F8005E0128204617D0D0F877
:10BF9000001841F0030119E0D0F8040840F0020154
:10BFA000C4F80418A06B20F40011A163206840F0CD
:10BFB00040012160206840F080012160E0E7D4F872
:10BFC0000018380E204601D041F00101C0F80018D9
:10BFD000102100F0C4FA00B10126204600F0A3FAB7
:10BFE00000B101264FF67F3A4FF0006CC4F81058AC
:10BFF0004FF0904BC4F81458C4F81C580020FAB203
:10C0000014E000BF04EB4011D1F80039002B06DA30
:10C0100010B1C1F800B904E0C4F800C901E0C1F8EA
:10C020000059C1F81059C1F808A9401C8242E9D84A
:10C03000002013E004EB4011D1F8003B002B06DA9E
:10C0400010B1C1F800BB04E0C4F800CB01E0C1F8B6
:10C05000005BC1F8105BC1F808AB401C8242E9D814
:10C06000D4F81008C7F30742002A6FF0804120F48B
:10C070008072C4F81028A561616103D1A06940F005
:10C080001000A061A069C8F30741094A1043A061EC
:10C0900019B1A06940F00800A061B9F1010F03D106
:10C0A000A06904490843A0613046BDE8F08F000054
:10C0B00000383C8004000040816821F0010181606B
:10C0C0000020704710B5144C036CA34203D9D0F87C
:10C0D000003B002B1EDB0023C0F8103B0129D0F8E9
:10C0E000101B41F40021C0F8101BD0F8101B41F0C8
:10C0F0001801C0F8101BD0F8101B41F0C041C0F867
:10C10000101B07D1C0F8142BD0F8001B41F0802180
:10C11000C0F8001B002010BD0A30544F0B784A783D
:10C12000012A00EB43100BD0D0F8002B22F40012B0
:10C13000C0F8002B0979032914D0022912D017E086
:10C14000D0F8002922F40012C0F800290979032947
:10C1500001D002290CD1D0F8001941F08051C0F86B
:10C16000001905E0D0F8001B41F08051C0F8001B19
:10C17000002070470A784B78D1B2012B00EB4210B7
:10C1800012D0D0F8002B002A06DB29B1D0F8001B12
:10C1900021F08041C0F8001BD0F8001B41F40011D1
:10C1A000C0F8001B00207047D0F80029002A06DBE9
:10C1B00029B1D0F8001921F08041C0F80019D0F859
:10C1C000001941F40011C0F80019EBE7F8B50B783D
:10C1D0006FF060464F788C4DDCB2012F00EB4313BB
:10C1E0002BD0D3F8107B002C07EAC544C3F8104BC2
:10C1F000D3F8104B04EA0504C3F8104B7ED00D6948
:10C20000002D7CD08C6825446D1EB5FBF4F5ADB2D5
:10C210006C430C6206EAC545D3F8104B2C43C3F8B7
:10C22000104BD3F8104B0D6AC5F3120554EA050400
:10C23000C3F8104B012A73D0CEE00F6907B3D3F8CF
:10C2400010796FF31207C3F81079D3F8107907EA61
:10C250000507C3F810791CB3D1F810C08D68D3F866
:10C260001079AC44ACF1010CBCFBF5F5ADB206EABB
:10C27000C5463743C3F810790E79012E1CD02AE049
:10C28000D3F810692E40C3F81069D3F8105945F45B
:10C290000025C3F81059D3F810596FF3120520E0A8
:10C2A0000E698D68AE4200D90D61D0F8106946F470
:10C2B0000026C0F810690EE0D3F810694FF0C047AF
:10C2C00007EA457726F0C046C3F81069D3F810593D
:10C2D0003D43C3F810590E69D3F81059C6F312063E
:10C2E0003543C3F81059012A1BD000EB4413D3F88F
:10C2F000004944F00444C3F8004901E047E05AE033
:10C300000C79012C2ED00A695AB30B78D0F8341866
:10C31000012203F00F039A401143C0F8341871E072
:10C3200056E0CA691AB100EB4413C3F8142909791D
:10C3300001290ED1D0F80818C90500EB4411D1F835
:10C34000002902D442F0005201E042F08052C1F8CC
:10C35000002900EB4410D0F8001941F00441C0F866
:10C3600000194FE0D0F80848E405D3F8004902D49A
:10C3700044F0005401E044F08054C3F800490092B6
:10C380000B8A0A78C9689BB200F018FA3AE00C6987
:10C390000CB18C680C618C680C62C4F31205D0F887
:10C3A000104B2C43C0F8104BD0F8104B44F4002431
:10C3B000C0F8104B3EE78D68D3F8104BC5F312055B
:10C3C0002C43C3F8104BD3F8104B44F400242FE750
:10C3D000CA680AB1C3F8142B097901290CD1D0F825
:10C3E0000808C005D3F8000B02D440F0005001E06B
:10C3F00040F08050C3F8000BD3F8000B40F004402D
:10C40000C3F8000B0020F8BDFFFF07E0FFB50024D4
:10C410004FF47023224600944E788568012EC5F3B0
:10C4200040150ED0866926F080078761466936067A
:10C4300005D4D0F8046846F40077C0F804782DB32A
:10C4400030E00C7800EB4414D4F80059002D61DA88
:10C45000D4F8005945F00065C4F800590C7800EB99
:10C460004414D4F8005945F08045C4F80059009CA4
:10C47000641C00949C4201D901224BE00C7800EB33
:10C480004414D4F80049002CF1DB43E0009D6D1CFE
:10C4900000959D4201D9012202E04569ED06F5D5DE
:10C4A000056A00950094009D6D1C00959D4201D980
:10C4B000012202E045692D06F5D50D7800EB451502
:10C4C000D5F8006B46F00066C5F8006B0D7800EB00
:10C4D0004515D5F8006B46F08046C5F8006B009412
:10C4E000097800EB4111009C641C00949C4201D926
:10C4F000012203E0D1F8084BA407F4D5D1F8083B9A
:10C5000043F00203C1F8083BD0F8041841F48061FD
:10C51000C0F8041804B01046F0BD816841F0010174
:10C5200081600020704708B500214FF070620091D3
:10C53000009B5B1C009393420AD80369002BF7DA37
:10C540000091102303610099491C0091914201D987
:10C55000032008BD0169C906F5D4002008BD18B53F
:10C5600000224FF070630092009C641C00949C4277
:10C570000CD80469002CF7DA2024009244EA8111D7
:10C5800001610099491C0091994201D9032018BD0D
:10C5900001698906F5D4002018BDD0F8080810F00C
:10C5A000060004D0022803D0062801D00F207047CF
:10C5B00002207047406900F001007047D0F8181859
:10C5C000D0F81C08084080B27047D0F81818D0F88E
:10C5D0001C080840000C704710B5D0F8102801F076
:10C5E0000F0300EB4114D0F83418D4F80809D940EF
:10C5F00001F0010142EAC111084010BD00EB4111F8
:10C60000D1F8081BD0F814080840704741698069C8
:10C61000084070470346084630B5940802F003010D
:10C62000002203F5805303E01D68521C40F8045BB0
:10C63000A242F9D300290CD01C680023491EDD005A
:10C64000090403F10103090C24FA05F200F8012B97
:10C65000F4D130BD70B50446C06801294FF0000523
:10C6600020F0C040E06001D079B120E0E06840F007
:10C670000050E0600A20F6F74FFB60690A3510F0C1
:10C68000010F10D1C82DF5D30DE0E06840F08040D7
:10C69000E0600A20F6F740FB60690A3510F0010FF0
:10C6A00001D0C82DF5D3C82D01D0002070BD0120C8
:10C6B00070BDD0F800284FF4FE6303EA011322F4A2
:10C6C000FE62C0F80028D0F800181943C0F800181E
:10C6D00000207047022A3ED1264A274B0A449A423C
:10C6E00001D20F2138E0254A254B0A449A4201D253
:10C6F0000E2131E0234A244B0A449A4201D20D21F3
:10C700002AE0224A224B0A449A4201D20C2123E019
:10C71000204B214A0B44934201D20B211CE01F4BBA
:10C720001F4A0B44934201D20A2115E01D4B1E4AB9
:10C730000B4493420FD31D4B1D4A0B44934201D22D
:10C74000082109E01B4B1C4A1944914201D20721E0
:10C7500002E0062100E00921C2684FF4705322F480
:10C760007052C26003EA8123C1681943C16000208E
:10C7700070470000405327FF00350C00401E1BFF90
:10C7800040420F0000DC0BFF804F1200808CF9FE4E
:10C7900020D6130060B6E5FE60E3160000D3CEFE9F
:10C7A00040771B00C05BB3FEC091210000CA91FE20
:10C7B00020753800E05459FEE09C410010B5029C01
:10C7C00074B900EB0232DB1C00209B0802F580529A
:10C7D00004E000BF51F8044B1460401C9842F9D3A8
:10C7E000002010BDFEE703B401984100009850EA14
:10C7F000C12018BF04204A0D18BF40F0010040F2CC
:10C80000FF72B2EB515F08BF40F00200012808BF81
:10C81000052002B070474100080218BF04200A0E2C
:10C8200018BF40F001004FF07F4232EA010108BF1B
:10C8300040F00200012808BF0520704709070028C2
:10C840004FEA116104DB00F1E02080F8001470472A
:10C8500000F00F0000F1E02080F8141D7047000088
:10C8600010B54FF00E402DED028BB0EE408A18EE61
:10C87000104A00EB4400B0F1506F4AD84FF0FC4032
:10C88000B0EB440F22D2B0EEC80ADFED360A30EE2C
:10C89000C00ADFED350A60EE208A18EE900A02F039
:10C8A00053FA01EE100A14F0004F1DBFDFED2F0AFE
:10C8B0009FED2F0AB1EE411ADFED2E0A08BF9FED62
:10C8C0002E0ADFED2E1A21EE218A05E0DFED2C0A7B
:10C8D00068EE088AB0EE600A9FED2A1ADFED2A1A88
:10C8E00030EE080A48EE811A9FED281A08EEA11AC8
:10C8F000DFED271A48EE811A9FED261A08EEA11ADD
:10C9000068EE281ABDEC028B01EE810A30EE200A97
:10C9100010BD4FF0E440B0EB440F0CD918EE100AF4
:10C92000FFF779FF042808BF00F0BCF9B0EE480A11
:10C93000BDEC028B10BD4FF07F40B0EB440F07D22F
:10C94000B0EE480ABDEC028BBDE8104000F09BB988
:10C950000120F4F7BAF8BDEC028BBDE8104000F0FE
:10C9600099B900000000803F0000003F0000C9BFEF
:10C9700022AAFDB90000C93F22AAFD39000000C06B
:10C980000000000024FE1C3DC78AD83C1E67383DCD
:10C990001B93993DAFAA2A3E70B54FF068422DED2A
:10C9A000048BF0EE408A18EE900AB0EE608A18EE22
:10C9B000101A02EB4003B3F1654F3CBF02EB41029A
:10C9C000B2F1654F7DD200BFC0F3C753C1F3C75268
:10C9D0009A1A1B2A09DD10F0004F14BF9FED830A3D
:10C9E0009FED830ABDEC048B70BD12F11A0F36DA8D
:10C9F00011F0004F09D010F0004F0CBF9FED7D0AE1
:10CA00009FED7D0ABDEC048B70BD88EE889A19EE0F
:10CA1000100AFFF700FF042808BF00F043F918EEE2
:10CA2000900AFFF7F8FE054618EE100AFFF7F3FE2E
:10CA3000044619EE100AFFF7EEFE042D18BF052D6F
:10CA400008D1042C18BF052C04D1002804BF0220F3
:10CA5000F4F73BF8B0EE490ABDEC048B70BD420020
:10CA6000B2EB410F3AD910F0004F19BFDFED630A66
:10CA70009FED630ADFED630A9FED630AB0EE481A8B
:10CA80000A46B1EE688A80F00041F0EE418A104615
:10CA90000A1A5200B2F1807F34D2484010F0004FA1
:10CAA000DFED5A1A9FED5A2A1DBF9FED5A1A70EEFC
:10CAB000E10A30EE420A9FED581A08BF70EEA10A53
:10CAC00000E040E008BF30EE020AB0EE682A01EE56
:10CAD000482A08EE818AC2EE081A15E011F0004FCC
:10CAE00004BF9FED4E0AF0EE400AD1D010F0004F87
:10CAF00019BFDFED4B0A9FED4B0ADFED4B0A9FEDAF
:10CB00004B0AC5E7C8EE881A21EEA11A9FED482A04
:10CB1000DFED482A41EE022A9FED472A01EE222A44
:10CB2000DFED462A41EE022A9FED452ABDEC048B3B
:10CB300001EE222A21EE811A01EE020A30EE210ACC
:10CB400030EE200A70BD4FF07F42B2EB400F28BF9D
:10CB5000B2EB410F09D2F0EE480AB0EE680ABDEC24
:10CB6000048BBDE8704000F091B840EA01035B001F
:10CB700008BF41F0FF410BD0B2EB400F08BFB2EB52
:10CB8000410F08D120F0804008EE900A21F080414A
:10CB900008EE101A18E7B2EB400F12BF5FEA41032C
:10CBA00040F0FF4001F000413FF40EAFB2EB410F07
:10CBB00012BF5FEA400200F0004041F0FF413FF445
:10CBC00003AF4A0092EA40033FF5FEAE002AACBF35
:10CBD0009FED1C0A9FED1C0A68EE808A28EE008AF1
:10CBE00018EE900A18EE101AEEE60000DB0FC9BF2F
:10CBF000DB0FC93FDB0F4940DB0F49C00000C9BF55
:10CC000022AAFDB90000C93F22AAFD390060ED3E0D
:10CC1000C30ACE37000000BF0000003F0000000044
:10CC2000000049C022AA7DBA0000494022AA7D3AEC
:10CC30002DAD65BD8FB8D53D0FB511BE61C84C3E59
:10CC4000A8AAAABE0000804F0000802F10B52DEDCD
:10CC5000028BB1EEC08A18EE100A20F00040C0F13D
:10CC6000FF40C00F0AD010EE100A20F00040C0F1C3
:10CC7000FF40C00F04BF0120F3F727FFB0EE480AC2
:10CC8000BDEC028B10BD30EE000A704730EE200A7A
:10CC900070470000DFED020A80EEA00A7047000036
:10CCA000000000009FED020A20EE000A704700001D
:10CCB0000000001030380A2801D2012070470020FF
:10CCC000704738B500208DF8000000F0C1F8012051
:10CCD00000F090F800F052F801226946002000F0C0
:10CCE00009F8044600F0B4F8012000F083F820466B
:10CCF00038BD000030B50D0014468DB004D01CB115
:10CD0000A21C91B2102902D904200DB030BD00211F
:10CD10000A9164230891059140F0800009910B91DC
:10CD20008DF82000009393B20B4804AA0491069159
:10CD3000079108A9F9F774FF10B1F5F790FCE4E743
:10CD4000002004A904E00B18421C9B782B5490B2DD
:10CD5000A042F8D30020D8E74403002470B50C4665
:10CD6000054600F00BF8012221462846FFF7C2FFD6
:10CD7000044600F06DF8204670BD000010B5064C6A
:10CD8000012220212046F6F7FBF800222046BDE8CC
:10CD900010401021F6F7F4B80008025870B50C46A0
:10CDA0000546FFF7EBFF2146284600F0CDF8044684
:10CDB00000F04EF8204670BD10B500F0BBF800281A
:10CDC00007D004486421006801F0BEF8002800D0B4
:10CDD000032010BD1C00002410B500F0ABF80028A3
:10CDE00005D003480068BDE8104001F007B910BD48
:10CDF0001C00002410B5044600F09CF820B1204629
:10CE0000BDE8104000F094BF0E480F4902684FF48F
:10CE10007A7342F080720260086840F00100086096
:10CE20000A480068B0FBF3F040B9012006E04A6808
:10CE300000E000BF4B689B1A8342FAD3641EF6D20F
:10CE400010BD0000FCED00E0001000E02C0000240C
:10CE500010B5064C012210212046F6F791F8012268
:10CE60002046BDE810402021F6F78AB80008025895
:10CE700030B50D0014468DB004D01CB1621C91B2C7
:10CE8000102902D904200DB030BD00210A9164237D
:10CE90000891059140F0800009910B918DF82000D8
:10CEA000009393B20B4804AA04910691079108A934
:10CEB000F9F7B6FE10B1F5F7D2FBE4E7002004A9BC
:10CEC00004E00B18421C5B782B5490B2A042F8D3BC
:10CED0000020D8E74403002470B50C46054600F056
:10CEE0000BF8012221462846FFF7C2FF0446FFF750
:10CEF000AFFF204670BD000010B5064C0122102186
:10CF00002046F6F73DF800222046BDE810402021DB
:10CF1000F6F736B80008025870B50C460546FFF71C
:10CF2000EBFF2146284600F00FF80446FFF790FF7C
:10CF3000204670BD10B500F00BFF022801D0002084
:10CF400010BD012010BD000008B500F07F00642373
:10CF50008DF80000022204488DF801106946F9F7A7
:10CF60003DFDF5F77CFB08BD440300242DE9F14F9E
:10CF70005C4884B05C490022DFF864C1964646688C
:10CF8000B1F90E40B1F91030F017B1F90A5016EBB3
:10CF90000C08B1F908704FEAE476019640F1FF30D1
:10CFA000B946DE1702964FEAE77CCDF800C0B1F92A
:10CFB0000C70EE17B1F806A0A8FB082100FB0811C1
:10CFC00008FB00114FEAC70BA2FB057C01FB05C55E
:10CFD00002FB06563D0A371245EA066CA2FB0356D1
:10CFE00001FB0363029902FB01320199A4FB08369D
:10CFF00001FB086104FB0011490441EAD3315B04E1
:10D000005B195141009A1EEB0304A9FB083502FB92
:10D01000085509FB00504BEB0101020318031CEB00
:10D02000000042EA13527A41001C42F50043A0FB83
:10D030000A2503FB0A5300FB0E304210C31752EAC5
:10D0400003004AD004980027C0F58010C517460891
:10D05000C00746EAC57540F63546041B65EB010579
:10D06000A4FB060105FB061104FB0711F3F7D5FA33
:10D070001D4A8146400B40EAC140B2F91630B2F970
:10D080001440B2F91220DD17A3FB00C817014A13A0
:10D0900005FB008503FB0253ACFB005803FB00803B
:10D0A0000CFB02006A0EE617A4FB095C431642EA79
:10D0B000C01206FB09C004FB0100EC0CC51444EAD5
:10D0C000403419EB0200594100196941000A40EA55
:10D0D0000160C01905B0BDE8F08F0020FAE700003C
:10D0E000000CFEFFE80100249435022410B500F086
:10D0F00065F8002807D004486421006800F024FF88
:10D10000002800D0032010BD0000002401784278E0
:10D110008078090341EA021141EA101070470000CB
:10D120003EB50B46074964240978CDE90032012356
:10D130000246054849000294F5F7EAFFBDE83E4083
:10D14000F5F78DBAE801002474020024F8B5032233
:10D150000446FA206946FFF7E3FF002827D1684616
:10D16000FFF7D4FF1249C310124A0127DFED120A5C
:10D17000B1F90250B1F904600988C1EB2010A3EBAA
:10D1800041014043694300137043C91201EBA030D1
:10D190005060977000EB80018031081200EE100A99
:10D1A0000020B8EEC00A80EE201A84ED001AF8BD07
:10D1B00094350224E80100240000C84210B500F0B4
:10D1C000C7FD022801D0002010BD012010BD0000C5
:10D1D00010B5FFF7F3FF002805D003480068BDE84D
:10D1E000104000F00BBF10BD0000002410B5044635
:10D1F0000022501EE2706063204600F0ABFC08B1D4
:10D20000042010BD04F2362000F04DFCA0F52A41A8
:10D21000553901D0032010BD94F83800E92805D015
:10D22000EB2814D194F83A00902810D104F16E0044
:10D2300000F02EFC0749B1EB002F06D004F18A0064
:10D2400000F026FC0449884201D1002010BD0220D4
:10D2500010BD0000004641544641543330B5064BE2
:10D260000024214603EB01121568854200D11460A9
:10D27000491C0229F6D330BDE43B02240649074885
:10D280000B68002243F080730B604260016841F03C
:10D290000101016070470000FCED00E0001000E0BB
:10D2A0002DE9F04F9FED340AEBB093465FF0000399
:10D2B0008246E946C3EBC300002201EB800509EB7F
:10D2C000800600BF06EB82045FF0000084ED000AD8
:10D2D000C0EBC00805EB80070AEB880C0CEB820C56
:10D2E000D4ED000A97ED001ADCED001A401C4F4601
:10D2F000072841EE210AC4ED000AE9DB521C072A87
:10D30000E0DB5B1C072BD5DB0023BE4631ACC3EB57
:10D31000C30200200BEB82090EEB820504EB8206B0
:10D3200009EB800206EB800492ED000AC0EBC00717
:10D33000002284ED000A01EB870700BF05EB82089D
:10D3400007EB820CD8ED000A9CED001A521C072A4C
:10D3500000EE810A84ED000AF0DB401C0728DFDBC9
:10D360005B1C072BD2DBC422504631A9F3F722FB0A
:10D370006BB0BDE8F08F00000000000010B500F0B9
:10D380000DF8002807D004486421406900F0DCFD56
:10D39000002800D0032010BDB401002410B500F017
:10D3A000D7FC022801D0002010BD012010BD0000D4
:10D3B00010B5FFF7F3FF002807D0044840690028A4
:10D3C00003D0BDE8104000F019BE10BDB401002428
:10D3D000034881684A1C01D0491C816070470000E5
:10D3E000D80100242DE9F041044629480F46904613
:10D3F00000784042384225D0022C47D800F05CF833
:10D4000000B31CB3012C23D0022C23D021A420462E
:10D41000F3F76CFAFF28054600D9FF251E482A4677
:10D420002146F3F782FA1C4EC5F5807443463A460E
:10D4300070192146F3F716F900280DDA0024FFF7DA
:10D44000C7FF0EE0BDE8F041FFF7C2BF13A4DEE75F
:10D4500014A4DCE715A4DAE7A04201D3641E00E0BF
:10D4600004462819FF2800D9FF2000210204315466
:10D470000949120C06D00F486423FAF7E9F908B1FC
:10D48000FFF7A6FFBDE8F04100F032B8BDE8F0813B
:10D49000D801002400000000943402245B4552525D
:10D4A0005D2000005B5741524E5D20005B494E46B7
:10D4B0005D200000A004002410B500F00FF848B172
:10D4C00005484068002804D0642100F03DFD08B103
:10D4D000002010BD012010BDD801002410B500F0BF
:10D4E00037FC022801D0002010BD012010BD000033
:10D4F00010B5FFF7F3FF002807D004484068002864
:10D5000003D0BDE8104000F079BD10BDD801002463
:10D5100070B5094C05460020615D00290AD104EB75
:10D52000850062194168107A09688847002801D18E
:10D530000121615570BD0000043C022430B4054C4B
:10D5400004EB800520446C68007AA468A44630BCD3
:10D5500060470000043C0224034901EB80020844B8
:10D560005168007A49680847043C022430B4054CED
:10D5700004EB800520446C68007AE468A44630BC63
:10D5800060470000043C02242DE9F041040006D06D
:10D590001B4E306884420AD10020BDE8F081502043
:10D5A00080F31188BFF34F8FBFF36F8FFEE701F059
:10D5B000CFFCD4F828806569376C766C01F0E8FC04
:10D5C0001049884501D10120E7E7BD4201D0B542AD
:10D5D00001D10220E1E70B482830854208D1A06A3A
:10D5E0000028F6D194F85C1003200129F1D0D4E78B
:10D5F00004481430854201D0002DE4D10420CCE74A
:10D6000034000024480A00242DE9F74181B09046F7
:10D6100002980090684600F08BF9040003D50B20B7
:10D6200004B0BDE8F081164E002756F824503DB1F5
:10D630002846FFF713FE286900F030F888B12F70F4
:10D64000019929B101F8107BE0B200F01BF840B15C
:10D65000019846F8240010B1B8F1010F03D0002062
:10D66000DEE70220DCE7002201A902A800F028F88A
:10D6700004460146019801F0AFFB2046D0E70000C8
:10D680001C02002410B50C4601210022084600F0BF
:10D6900022FD0028206000D0012010BD10B500F050
:10D6A00005FD012010BD00F063BD10B500244FF44E
:10D6B0007A7100F0C5FC00B90124204610BD0000BD
:10D6C0002DE9FF41002790460E460F6000F030F92B
:10D6D000050003D50B2004B0BDE8F0818E4850F85A
:10D6E0002540BCB1204600F0E3F9A8B1346008F051
:10D6F000FE06207820B16078FFF72EFFC1070DD01D
:10D700002770B846E8B26070FFF702FFC1070AD081
:10D710000320E0E70C20DEE70F20DCE70EB1400736
:10D7200004D40020D7E71EB1400701D50A20D2E774
:10D73000002620463146FFF759FD022822D1002558
:10D740004FEA0D0704EB051090F8FA1100F5FB7095
:10D7500019B1083000F09CF900E0002047F82500DE
:10D760006D1C042DEED3002557F8256036B13146E7
:10D770002046FFF73BFD022801D203E003206D1C89
:10D78000042DF1D3042809D002286FD204F14300FC
:10D7900000F089F9B0F5007F68D101E001209AE737
:10D7A00004F14E0000F07FF9010004D104F15C00A7
:10D7B00000F06EF9014694F848502162012DA570E1
:10D7C00001D0022D52D14D4394F845006081E8B359
:10D7D000411E08424AD104F1490000F064F90107F2
:10D7E000208143D104F14B0000F05DF9070004D122
:10D7F00004F1580000F04CF9074604F1460000F02F
:10D8000052F9020032D02389501900EB13118F42D4
:10D810002CD360897F1AB7FBF0F0B8B103274FF61D
:10D82000F57C604500D8022740F6F57C604500D8BD
:10D8300001273244801C31442163E061032FC4E995
:10D84000096215D013B15119022F00E00EE0E16218
:10D850001FD000F0010100EB400001EB500000BFC1
:10D86000216A00F2FF10B1EB502F14D20D2032E7E5
:10D8700004F1620000F017F90028F7D12089002890
:10D88000F4D104F1640000F003F9E169E06288007A
:10D89000E6E74000E4E74FF0FF31A16180206161DD
:10D8A000032F20712CD104F1680000F0FCF801284E
:10D8B00026D1711C204600F04DF908BB04F2362039
:10D8C00084F8048000F0EFF8A0F52A41553917D10B
:10D8D00004F1380000F0DCF81049884210D104F55A
:10D8E000077000F0D5F80E49884209D104F5087098
:10D8F00000F0CEF8A06104F5097000F0C9F860618D
:10D9000005492770091F0888401C0880E0802046D0
:10D91000FFF7A4FC05E700001C02002452526141FD
:10D92000727241610148406870470000001000E0D9
:10D9300010B5026804464FF0FF30002A13D011469C
:10D9400000E0491C0B78202B0ED33A2BF9D112F8AA
:10D95000013B303B0A2B06D28A4204D1002B02D174
:10D96000491C1846216010BD002010BD10EE100AA1
:10D970000849B6EE001AF7EE080A20EE011AA1EBEC
:10D98000600000EE100A21EE001A41EE400A20EE7F
:10D99000800A7047DF59375F10B500F059F800284A
:10D9A00007D004486421006800F0CEFA002800D0B7
:10D9B000032010BD1800002410B500F049F800281D
:10D9C00005D003480068BDE8104000F017BB10BD4B
:10D9D0001800002410B5044600F03AF820B12046A3
:10D9E000BDE8104000F0A4B90E480F4902684FF49A
:10D9F0007A7342F080720260086840F001000860AB
:10DA00000A480068B0FBF3F040B9012006E04A681C
:10DA100000E000BF4B689B1A8342FAD3641EF6D223
:10DA200010BD0000FCED00E0001000E02C00002420
:10DA30000EB564238DE80E00012302460348182129
:10DA4000F5F766FBBDE80E40F4F709BE200200249E
:10DA500010B500F07DF9022801D0002010BD012092
:10DA600010BD00001FB5012203AB8DF80C1064211E
:10DA7000CDE9003213460246044802911821F5F719
:10DA8000F9FBF4F7ECFD04B010BD00002002002407
:10DA9000837842780178C07843EA002042EA002087
:10DAA00041EA002070470178407841EA0020704741
:10DAB00010B528B10069FFF7F8FD08B1012010BDCD
:10DAC000002010BD1FB5002400940194029403941B
:10DAD000F5F7B2FD01208DF80C001F218DF808101C
:10DAE00087228DF809208DF80D008DF8000068461A
:10DAF0008DF80A408DF80E408DF8014001948DF8A4
:10DB00000B408DF80F40F5F769FD0420F5F7A2FDF5
:10DB1000F5F7F0FCFCF780F8FAF7A8FAFAF726FB1D
:10DB2000FAF796FBFAF7EEFBFAF73AFCFAF74AFB3C
:10DB3000FAF774FBFAF74AFAFAF7B6FBF9F7E6FEDA
:10DB400008B172B6FEE700F01FF9FAF74DFA00F0DF
:10DB500033F9FEE770B50446406B00260D46A84237
:10DB60000FD0204601F00FF906000AD1607801239A
:10DB700004F138012A46FFF7E1FC08B1751E0126C1
:10DB80006563304670BD0A460146002000F0A0B82B
:10DB900010B5044600F0DCF80228204603D0BDE8AA
:10DBA0001040F5F7B9B8BDE8104000F0C1B800006A
:10DBB0002DE9F05F8A46A0F120015F2900D33F20C4
:10DBC000BAF1000F0BD00021DFF868808B461A49AC
:10DBD000002400EB8000012600EB010903E0012195
:10DBE000F2E7052C04D209EB040010F8A07C00E059
:10DBF0000027002506FA05F0384201D0524600E021
:10DC00005A4698F8021098F8010029442044C9B2F5
:10DC1000C0B200F013F86D1CEDB2082DEAD3641CFD
:10DC2000E4B2062CDDD398F80100801D88F80100CD
:10DC3000BDE8F09FFC01002408070108802810B50A
:10DC400012D2402910D201F00704C9080123012A89
:10DC500003FA04F300EBC1100649DBB205D0002A39
:10DC60000A5C05D05A400A5410BD0A5C1A43FAE710
:10DC70009A43F8E7AC35022410B500F069F80228A1
:10DC800001D0002010BD084C606820B9074800F0A2
:10DC900083F9606030B1642100F056F90028F1D0BA
:10DCA000032010BD052010BDFC010024F80601086A
:10DCB00010B500F04DF8022807D10448406800284C
:10DCC00003D0BDE8104000F099B910BDFC0100245C
:10DCD00070B50D00144607D034B11249124A0968D4
:10DCE000914203D0052070BD042070BD0F4E082165
:10DCF00002463046F5F744F9002230460121F5F797
:10DD00003FF90848642322462946F8F767FE0122B6
:10DD1000044611463046F5F733F92046BDE8704019
:10DD2000F4F79DBCCC0300240038004000080258E2
:10DD300070B50546FAF770F810B16FF0050405E00C
:10DD40004FF0000415B1284601F024FA204670BDBA
:10DD500010B502F067F938B1022804D00348006812
:10DD6000012800D0002010BD032010BD9000002429
:10DD700010B5FAF751F818B1BDE8104002F066B9D5
:10DD8000BDE8104002F05CB910B5FAF745F810B1E3
:10DD90006FF0050010BD02F045F9012802D10549D8
:10DDA000086810B14FF0FF3010BD01220A6000205A
:10DDB00010BD00009000002410B5FAF72DF810B146
:10DDC0006FF0050010BD02F02DF9012803D10848BD
:10DDD0000168012902D04FF0FF3010BD054A002133
:10DDE00082F8141D0221016001F0EAFA002010BD42
:10DDF000900000240BE000E02DE9F84300241E46CB
:10DE00000F460546FAF708F800286FF003006FF098
:10DE1000020816D015B30FB306BB00206A46394678
:10DE20000090284601F016FF012819D10098C0B1D2
:10DE30000D494FF080500860BFF34F8FBFF36F8FD5
:10DE40000FE05DB157B132463946284601F064FE15
:10DE5000012806D026B16FF0010402E0044600E07C
:10DE600044462046BDE8F88304ED00E0F8B50025FF
:10DE700014460F460646F9F7CFFF30BB2EB327B343
:10DE8000BCB1D4E902307BB150281ED32269E2B183
:10DE900006FB07F06169814217D3002039460090E4
:10DEA000304601F01EFC09E078B9206968B9606964
:10DEB00058B900223946304601F0E9FB050004D08C
:10DEC0001CB1216809B101F0E5F82846F8BD000051
:10DED0002DE9F84300241E460F460546F9F79CFF3E
:10DEE00000286FF003006FF0020817D025B31FB3AE
:10DEF00016BB00206A46034639460090284601F0CA
:10DF000021FD01281AD10098C8B10E494FF0805068
:10DF10000860BFF34F8FBFF36F8F10E065B15FB143
:10DF2000002332463946284601F05CFC012806D021
:10DF300026B16FF0010402E0044600E044462046AA
:10DF4000BDE8F88304ED00E02DE9F04100240E4621
:10DF500020F0010500F00107F9F75EFF08B1A41FEA
:10DF600017E055B1002F31466FF0010728466FF0DA
:10DF7000020808D001F07EFF07E06FF0030408E01C
:10DF800036B13C4605E001F0C1FE0128F8D100E0C1
:10DF900044462046BDE8F08170B500250446F9F7F7
:10DFA0003BFF48BB0CB1606800E00020C10701D016
:10DFB000012600E0002600071ED46CB1D4E902104F
:10DFC00021B1502818D31EB1042002E020B113E083
:10DFD000012001F04FFB05E00EB1042000E001201C
:10DFE00001F03DFB050007D01CB1216809B101F02B
:10DFF00051F80EB145F00105284670BD70B50024FA
:10E0000020F0010500F00106F9F706FF08B1A41F92
:10E0100014E03DB1002E6FF0020606D0284601F054
:10E020005CFD08E06FF0030408E0002328461A4670
:10E03000194601F0D7FB012800D03446204670BDB8
:10E040002DE9F84305000E466FF003074FF000047A
:10E0500005D0F9F7E1FE6FF00208B0B10EB13C4611
:10E060001EE000206A4601460090284601F0F2FDBD
:10E07000012814D1009898B10B494FF080500860E6
:10E08000BFF34F8FBFF36F8F0AE03146284601F090
:10E090003DFE012804D016B16FF0010400E04446B3
:10E0A0002046BDE8F883000004ED00E070B50546A9
:10E0B000F9F7B2FE10B16FF0050407E045B128464C
:10E0C00001F028F80024284601F00CF8204670BD25
:10E0D0006FF00304FAE7F8B5002514460F4606462C
:10E0E000F9F79AFEA0BB9EB3B7423ED84CB1A068E8
:10E0F0000028E06803D0502837D3012002E008B19F
:10E1000033E00020012E06D018B3A268394630460D
:10E1100001F08DFA21E040B1032000900022A368B5
:10E120000120114601F0DDFA04E003220021012064
:10E1300001F0ADFA050018D08FB100231A46194638
:10E1400001F050FB01280AD0284600F0CBFF002543
:10E150000BE03946304601F055FA050005D024B1F0
:10E16000216811B1284600F095FF2846F8BD00004F
:10E17000F8B505004FF000040DD0F9F74DFE6FF033
:10E180000206B0B1002069460090284601F047FC25
:10E19000012816D102E06FF0030413E0009888B163
:10E1A00009494FF080500860BFF34F8FBFF36F8F66
:10E1B00008E0002328461A46194601F013FB0128FF
:10E1C00000D034462046F8BD04ED00E02DE9FF41C3
:10E1D000002514460F4606460395F9F71DFE60BB61
:10E1E0005EB34FF480724FF018004FF000014CB353
:10E1F000236803B11946A3691BB118465B1E382B6F
:10E2000002D22379DB0703D0002004B0BDE8F081FF
:10E21000636903B19A08D4F808C0BCF1000F0DD0AF
:10E22000E568602D19D324693CB133B18DE8111034
:10E230003B46304601F0A6FE03900EE0E36863B96A
:10E24000236953B903AB92B2CDE900033B46304694
:10E2500001F068FE012800D003950398D5E700007F
:10E260002DE9F0411A4C0F460546E6682068001D6E
:10E2700000F0BEFD681C15D1A7B116492268486898
:10E28000906023688268DA6022688368121D5A6091
:10E290002268121D8260206841610868401C086085
:10E2A000BDE8F08120683544B5424560216805D25B
:10E2B000606C091DBDE8F04100F032BE206C091D04
:10E2C00000F02EFEA06A8542EAD2A562E8E70000CF
:10E2D00034000024700A00242DE9F041054600F0C6
:10E2E00037FE354C354FA068401CA060206810B147
:10E2F000606930B32BE02560A068012827D1002693
:10E3000006EB860007EB800000F0FCFD761C382E43
:10E31000F6D32B4800F0F6FD2948143000F0F2FD4A
:10E320002748283000F0EEFD25483C3000F0EAFD9B
:10E330002348503000F0E6FD21482064143060642A
:10E3400005E0E86A2168C96A814200D82560606AF0
:10E35000401C60626864E86A2169884200D92061D3
:10E3600000EB8000291D07EB80004068A8608268F0
:10E37000EA60826851608160E86A00EB800007EB28
:10E380008001696157F82010491C47F8201000F0FF
:10E39000FFFD606900280CD02068E96AC06A8842E5
:10E3A00007D208494FF080500860BFF34F8FBFF38A
:10E3B0006F8FBDE8F081000034000024C005002408
:10E3C000200A002404ED00E038B500F0C1FD104C37
:10E3D0002068C8B90F4800F095FD0E48143000F0D1
:10E3E00091FD0C490020E16014312161A1F5827397
:10E3F0000090A1F1B40210210A2001F072F920600E
:10E4000010B105A100F046FEBDE8384000F0C0BDE7
:10E410007C000024740B0024546D72510000000035
:10E4200030B4026C0B46002A0BD0D0E902411144F3
:10E43000C160A14201D30168C160184630BCF2F747
:10E4400074BA30BC70472DE9F041856B1746026CF9
:10E450000446002682B1C7B1E068F2F766FAE168C7
:10E46000206C2268091AE160914202D2A168081A60
:10E47000E060022F16D017E02068A8B9A06801F06C
:10E4800085FE06460020A0600EE06068F2F74DFAB7
:10E49000D4E90101226C10446060884204D32068F2
:10E4A000606001E005B16D1E6D1CA5633046BDE8DE
:10E4B000F08110B5044690F85D0058B101280CD0E9
:10E4C00002280FD0502080F31188BFF34F8FBFF385
:10E4D0006F8FFEE7206B00F06FFD2046BDE8104017
:10E4E00000F06ABD10BD00000F484FF4003110B5B8
:10E4F000420706D00C49C01D20F00700411AC1F5A3
:10E5000000310A4C002201440839A4F1140321F01F
:10E510000701C4E900020C1A19604A600A60C0E9E8
:10E5200000149C605C6010BD5C180024A8000024EE
:10E53000144E4FF08058144CDFF85090A6F29C47D0
:10E5400012E000BF00F004FDF068C568281D00F06F
:10E550004FFCA068401EA0606068401E606000F034
:10E5600017FD2846FFF7A5FF60680028EAD1386844
:10E570000128F9D9C9F80080BFF34F8FBFF36F8F1F
:10E58000F2E700005C0A00243400002404ED00E0FF
:10E59000002807D00021816001600B460A46C16057
:10E5A00001F020B97047000070B51D46049C51B1C0
:10E5B000C4F80020C4E90F010121204601F0B4F89D
:10E5C00084F84C5070BD2460F4E72DE9F0470D4607
:10E5D000994691001746DDE90984089EA5228246E6
:10E5E000206BF2F719FA206B6FF0030101EB870142
:10E5F000084420F00707780707D0502080F31188DF
:10E60000BFF34F8FBFF36F8FFEE765B10020221875
:10E61000295C82F83410295C11B1401C1028F6D313
:10E62000002084F84300382E07D3502080F311884F
:10E63000BFF34F8FBFF36F8FFEE7E662201DE664E6
:10E6400000F06BFC04F1180000F067FC2461C6F1D7
:10E65000380064624A465146A061384600F076FAB6
:10E66000B8F1000F206001D0C8F80040BDE8F08785
:10E6700030B5114900E011460A688242FBD34B686D
:10E680005C18844203D14468084623444B604368C5
:10E690001D18954209D1084C143C2468A24209D0A7
:10E6A00052681A4442600A6812680260814200D0CF
:10E6B000086030BD0460F9E7A800002470B50D4D76
:10E6C000914241604FF00004006106D88169D21A7E
:10E6D0008A4206D2011D286907E09A4203D2994274
:10E6E00001D3012403E0011DE86800F019FC204675
:10E6F00070BD00007C00002410B5044600F028FC2A
:10E70000A06B28B15FF0000400F042FC204610BD71
:10E710000124F9E72DE9F0478146086892460C4646
:10E72000002608B3606804F1080540686060A842EC
:10E7300001D1E16861606068D0F80C806068406871
:10E740006060A84201D1E168616006EBC6016068C3
:10E75000012209EB81015346C768384600F040FDAD
:10E76000474506F10106E9D13046BDE8F0870000D3
:10E7700070B506460D480D46C068C068C468201DC7
:10E7800000F036FB94F82800410705D52A463146AB
:10E79000204600F0BBF803E000F0FE0084F82800FB
:10E7A000216A2046BDE87040084700007C00002434
:10E7B00070B53A4E86B067E00098002806DA019AF4
:10E7C000DDE902019047009800285DDB029C60694A
:10E7D00010B1201D00F00CFB04A800F0B9F80546AC
:10E7E00000980A2850D2DFE800F04F0505282B4397
:10E7F0000505282B94F828002A4640F0010084F8EB
:10E800002800A1690198014403462046FFF756FFFE
:10E8100028B394F82800410707D501982A46A16932
:10E820000144204600F072F803E000F0FE0084F896
:10E830002800216A2046884726E094F828001FE037
:10E8400094F8280040F0010084F828000198A061A5
:10E8500030B141192B461A462046FFF72FFF13E02F
:10E86000502080F31188BFF34F8FBFF36F8FFEE707
:10E8700094F82800810703D4204600F09DFB03E0B4
:10E8800000F0FE0084F8280030680022694601F09C
:10E8900043F9002890D106B070BD00007C00002430
:10E8A000F8B50D46064600F0CFFD684600F050F87A
:10E8B0000446009810B101F07BFDF8BD1148ADB1E0
:10E8C00001690968D9B100250068311B2A4600F0AA
:10E8D0003FFC01F06DFD0028EFD10B494FF0805057
:10E8E0000860BFF34F8FBFF36F8FF8BDA642EBD820
:10E8F00001F05EFD21463046FFF73AFFF8BD0125E5
:10E90000E2E700007C00002404ED00E070B516464C
:10E910000C46054604E0A869296A0444284688474D
:10E92000A8692346324601192846FFF7C7FE00288A
:10E93000F1D170BD0548016C096821B1016CC9684D
:10E940000968816270474FF0FF31FAE73400002414
:10E950002DE9F041064601F073FB0E4C0546A06818
:10E96000854214D24FF0FF3704E0C0683946006892
:10E97000FFF7FEFEE06801680029F6D12169C4E9CD
:10E980000310012030602846A560BDE8F08100201A
:10E99000F8E700007C000024002101E0401C491C35
:10E9A0000278A52AFAD0C1F38F0070470848406862
:10E9B000401C4FF0500080F3118804D0BFF34F8FFC
:10E9C000BFF36F8FFEE7BFF34F8FBFF36F8FFEE78D
:10E9D000B0000024074CE068016841B1C068002124
:10E9E000D0F80000FFF75CFFFFF7E2FEF3E701213C
:10E9F0000020F7E77C0000242DE9F041044600F0F8
:10EA0000A7FA94F9455004F1240609E0606A48B178
:10EA1000304601F05FFC08B100F032FC6D1E6DB2B3
:10EA2000002DF3DC4FF0FF3684F8456000F0B0FABB
:10EA300000F08EFA94F9445004F1100709E02069BF
:10EA400048B1384601F046FC08B100F019FC6D1ED3
:10EA50006DB2002DF3DC84F84460BDE8F04100F0B5
:10EA600097BA00002DE9F0410027044600F0ECFCC5
:10EA70002F4E306808B9FFF737FDACB314F1090F1A
:10EA800047D80834600707D004F00700C0F1080039
:10EA9000C1438C423DD80444002C3ADD7068844266
:10EAA00037D82348143001460D6801E028460D464A
:10EAB0006968A14202D229680029F7D131688D42E4
:10EAC00027D007682968016008376868011B10298A
:10EAD0000FD92819420708D0502080F31188BFF3BE
:10EAE0004F8FBFF36F8FFEE713E041606C60FFF75D
:10EAF000BFFD69687068401A7060B268904200D2C9
:10EB0000B06041F000410020C5E90001F068401C00
:10EB1000F06001F04DFC780707D0502080F3118899
:10EB2000BFF34F8FBFF36F8FFEE73846BDE8F0812C
:10EB3000940000240449086818B10868026D521C4A
:10EB400002650868704700003400002470B5041F97
:10EB5000094E231F4FF0807521F0010125601C1F15
:10EB60001960A0F120010B1F266044380A606FF085
:10EB700002051D6070BD0000ADE90008F0B58FB062
:10EB80000446DFED4E1A5FF000036A46002002EBF8
:10EB90008305C3EBC306C5ED001A04EB860600BF70
:10EBA00006EB800C01EB80079CED072A95ED001A1F
:10EBB000D7ED002A401C072802EE221A85ED001A24
:10EBC000EEDB5B1C072BE1DB5FF0000001EB800359
:10EBD00002EB800593ED001AD5ED001A401C0728C2
:10EBE00041EE210AF2DB364910EE900A884262DBE0
:10EBF000002107A802EB810500EB810395ED001AC7
:10EC0000491C0729C1EE201AC3ED001AF2DB0021CE
:10EC100004EB810300EB8105D3ED000A95ED001AAA
:10EC2000491C072941EE000AC3ED000AF0DB00236E
:10EC3000C3EBC30100EB830504EB810695ED000AED
:10EC4000002100BF06EB810502EB8107D5ED070A25
:10EC500097ED001A491C072940EE410AC5ED070A45
:10EC6000F0DB5B1C072BE3DB201D94ED000AD0ECEE
:10EC7000030A20EE000A00EEA00A01EE010A01EEEE
:10EC8000A10AFEF773FE94ED001A94ED012AD4ED6B
:10EC9000021AD4ED030A21EE001A22EE002A61EED8
:10ECA000801A20EE800A84ED001A84ED012AC4ED5A
:10ECB000021A84ED030A0FB0F0BD0000000000004E
:10ECC0005F708930062811D008DC00280DD0032899
:10ECD00012D004280AD0052806D107E0092809D057
:10ECE0000F2805D0132805D0012070470220704757
:10ECF00003207047042070470520704710B50E4C64
:10ED0000607808B1002010BD0C48007870B90C483C
:10ED1000007858B10A4901220A48FEF775FC38B15B
:10ED200000216170BDE81040FFF7CCBF052010BD89
:10ED300001206070E6E700000402002410020024B5
:10ED400011020024AC39022410B500EE100A2DED9A
:10ED5000028BB1EEC08A18EE100A20F00040C0F11C
:10ED6000FF40C00F0AD010EE100A20F00040C0F1A2
:10ED7000FF40C00F04BF0120F1F7A7FE18EE100AF4
:10ED8000BDEC028B10BD2DE9F0410446C078002790
:10ED9000F8B1656B04F13801607801232A46884692
:10EDA000FEF7E4FB08B1012713E0A26A0020216A04
:10EDB000AA1AE0708A420CD2A67808E0206A0123E1
:10EDC0004146054460782A46FEF7D0FB761E022EA7
:10EDD000F4D23846BDE8F081002808D00C2906D0CE
:10EDE0000B2904D00F2902D00069FEF75CBC7047E4
:10EDF000D0E9013201699A60D0E901235A604A687A
:10EE0000824201D182684A60002202610868401E85
:10EE1000086008687047000001488068704700007B
:10EE2000340000242DE9F0470024174638260A460E
:10EE3000054600F009FBDFF89080D8F80800824210
:10EE40003CD3DFF8889000BF761E04EBC40006EBCD
:10EE5000860205EB800009EB82010122FFF75AFCD4
:10EE6000002E0444F0D104EBC400D8F84010022274
:10EE7000464605EB8000FFF74DFC0444716C02220E
:10EE800004EBC40005EB8000FFF744FC0444104988
:10EE9000042204EBC40005EB8000FFF73BFC0444B4
:10EEA0000B49032204EBC400143105EB8000FFF78B
:10EEB00031FC044417B1FEF735FD386001F078FAF3
:10EEC0002046BDE8F087000034000024C00500247F
:10EED0005C0A002410B5044C4FF48073046004F104
:10EEE00060000860136010BD9C0B002410B5044C3A
:10EEF0004FF40073046004F160000860136010BDFB
:10EF0000FC0F00244FF0FF3300F108010022C0E99C
:10EF100001130260C1600161704700210161704707
:10EF200030B50B685A1C02D000F1080202E00269F9
:10EF300004E02246546825689D42FAD953684B6024
:10EF400099608A60516008610168491C016030BDA8
:10EF5000502080F31188BFF34F8FBFF36F8F0A49A2
:10EF60004868401C486001280CD10848006810F02F
:10EF7000FF0F07D0502080F31188BFF34F8FBFF3EE
:10EF80006F8FFEE770470000B000002404ED00E042
:10EF90000849486828B1401E486001D180F31188B3
:10EFA0007047502080F31188BFF34F8FBFF36F8FEE
:10EFB000FEE70000B000002470B500282AD0A0F1C0
:10EFC00008046068002807DB502080F31188BFF335
:10EFD0004F8FBFF36F8FFEE7216839B1502080F368
:10EFE0001188BFF34F8FBFF36F8FFEE720F0004013
:10EFF000606000F029FA084D60686968084468603C
:10F000002046FFF735FB2869401C2861BDE87040A9
:10F0100001F0CEB970BD0000940000244FF0E02054
:10F02000002101614FF47A72816107230349096865
:10F03000B1FBF2F1491E4161036170472C000024CD
:10F0400010B5F1F74BFA114910280ED300F1E0206A
:10F050000A7890F8F003904207D2502080F311888C
:10F06000BFF34F8FBFF36F8FFEE7094889680068D1
:10F0700000F4E060884207D9502080F31188BFF384
:10F080004F8FBFF36F8FFEE710BD0000B00000246C
:10F090000CED00E070B54FF0000258B100291DD012
:10F0A0000F4C002304EBC3056E6886420AD104EBC3
:10F0B000C3020FE0502080F31188BFF34F8FBFF3DE
:10F0C0006F8FFEE71AB954F8336006B92A465B1C05
:10F0D000082BE7D3002A01D0C2E9001070BD000060
:10F0E0008005002410B504000AD000F013F894F84D
:10F0F000460000280CD12046BDE81040FFF75CBF59
:10F10000502080F31188BFF34F8FBFF36F8FFEE75E
:10F1100010BD000070B10D4A002100BF02EBC10319
:10F120005B6883420ED102EBC103002042F831003C
:10F1300058607047502080F31188BFF34F8FBFF3A2
:10F140006F8FFEE7491C0829E8D37047800500242B
:10F1500070B515460E460446FFF7FAFE94F94410C2
:10F160000020491C01D184F8440094F94510491C41
:10F1700001D184F84500FFF70BFFA06B28B904F11B
:10F1800024002A46314600F099F82046BDE8704038
:10F19000FFF732BC020010B514D00F48406B38B1F5
:10F1A000502080F31188BFF34F8FBFF36F8FFEE7BE
:10F1B00000F04AF900211046FFF752F801F0F8F884
:10F1C000002807D105494FF080500860BFF34F8FEA
:10F1D000BFF36F8F10BD00003400002404ED00E089
:10F1E0002DE9F0410D4620491746C0B14FEA000411
:10F1F0004FF0000604F13400052BC5E90040E06A39
:10F200002861206BE861606CA860E06C6861606DEB
:10F21000A8611CD00868844203D12E731BE00C68DF
:10F22000E6E7032B2B7307D100F00EF9A06A08B1B3
:10F230000220287301F0BCF8FFF78AFE0B49A06A90
:10F24000884201D101202873FFF7A2FE03E0204687
:10F25000FEF79AF928732FB1206BFFF79DFB2884E6
:10F26000BDE8F0812E84FBE734000024480A002426
:10F2700002490A6A0260C96841607047340000248C
:10F2800001490120C86170473400002410B50C46C4
:10F2900050B1094909681831FFF742FE2046BDE820
:10F2A00010400121FEF7DCBF502080F31188BFF32E
:10F2B0004F8FBFF36F8FFEE734000024F0B40C468D
:10F2C000D0B111490D684368EB619D680E683562E5
:10F2D0000D689E68183575600D6818359D60096861
:10F2E00088620168491C01600AB14FF0FF34114681
:10F2F0002046F0BCFEF7B4BF502080F31188BFF366
:10F300004F8FBFF36F8FFEE73400002470B50028E5
:10F3100004464FD0226DA2B1E06C884200D3014672
:10F32000E06A884246D0012A44D1234E3268944292
:10F330000FD1502080F31188BFF34F8FBFF36F8F31
:10F34000FEE7502080F31188BFF34F8FBFF36F8F1C
:10F35000FEE7A269E162002A02DBC1F13801A16186
:10F36000164D00EB8000616905EB8000814221D1E0
:10F37000201DFFF73DFDE06A3169884200D9306108
:10F3800000EB8000211D05EB80004068A0608268D2
:10F39000E260826851608160E06A00EB800005EB0A
:10F3A00080006061E06A00EB800055F82010491C85
:10F3B00045F8201070BD000034000024C005002472
:10F3C00030B587B0002405AA04A9039403A80494C7
:10F3D000FFF780FDDDE9030100940023CDE9011072
:10F3E000174815A1059A00F0CDFD164DE862B8B199
:10F3F00001F07EF8012802D0401C14D010E050200B
:10F4000080F31188BFF34F8FBFF36F8F01204FF050
:10F41000FF31A9626861EC60FDF730FF00F05CF835
:10F42000286B07B030BD502080F31188BFF34F8F99
:10F43000BFF36F8FFEE7000049444C450000000019
:10F4400031E50008340000240248416B491C416347
:10F45000704700003400002410B51D4C606B10B1E3
:10F460000120E06110BD0020E061FEF75BFAE0637F
:10F47000E06BA16B884205D92068E26B511A436D9D
:10F4800019444165E06BA0631248216901E0B9B1FC
:10F49000491E01EB810250F82220002AF7D001EB2F
:10F4A000810200EB820000F108034268526842606A
:10F4B0009A4201D1C2684260D0682060216110BDCB
:10F4C000502080F31188BFF34F8FBFF36F8FFEE79B
:10F4D00034000024C00500243A483EB53A49026889
:10F4E0008A4207D1502080F31188BFF34F8FBFF3BA
:10F4F0006F8FFEE734490068491E884207D15020CB
:10F5000080F31188BFF34F8FBFF36F8FFEE72F4853
:10F5100000250195FF2102788DF8082001700178FF
:10F520002B4C8DF800109DF8001011F05001217047
:10F530000CD09DF800205021914316D0502080F32C
:10F540001188BFF34F8FBFF36F8FFEE7502080F31A
:10F550001188BFF34F8FBFF36F8FFEE7491C0191F6
:10F560009DF8001049008DF800109DF80010090664
:10F570000199F3D4082922D0C1F10701A160217AB1
:10F58000090201F4E061A1609DF8081001700D48C6
:10F590002030016841F47F010160016841F07F4142
:10F5A0000160FFF73BFD6560F0F760FF0948016807
:10F5B00041F040410160F0F745FF00203EBDA560ED
:10F5C000DDE7000000ED00E071C20F4100E400E063
:10F5D000B000002434EF00E0502010B580F3118813
:10F5E000BFF34F8FBFF36F8F00F038FD18B10449A0
:10F5F0004FF080500860002080F3118810BD00009B
:10F6000004ED00E010B50C4648B1844207D8022250
:10F61000002100F03CF8002800D0846310BD502089
:10F6200080F31188BFF34F8FBFF36F8FFEE738B5BC
:10F630000C4660B184420AD8022113460022009190
:10F64000114600F04EF8002800D0846338BD5020E9
:10F6500080F31188BFF34F8FBFF36F8FFEE7002158
:10F660000246012010B500F012F80446FEF790FFA4
:10F67000204610BD38B500220B46114600900120EF
:10F6800000F02FF80446FEF783FF204638BDF8B59A
:10F69000050017460E461CD04FF0FF30B0FBF5F0CA
:10F6A000B04216D305FB06F010F1510F11D85030BF
:10F6B000FFF7D8F904000AD0002084F8460004F1CE
:10F6C00050023B46314628460094FEF76DFF204627
:10F6D000F8BD502080F31188BFF34F8FBFF36F8FB9
:10F6E000FEE7F8B5069D1BB158B14AB189B908E0EB
:10F6F000502080F31188BFF34F8FBFF36F8FFEE769
:10F7000039B1502080F31188BFF34F8FBFF36F8F53
:10F71000FEE750241C46012683F8466000932B46E2
:10F72000FEF742FF2046F8BD2DE9F05F04008A464F
:10F730004FF0010B32D0E06B78B34FF0FF39226C01
:10F74000B9FBF0F0904242D3FFF702FC216800259C
:10F75000D4E90F23D4F840C004F1100810460E4637
:10F76000401EA56302FB031200FB0C10BAF1000F50
:10F77000666084F8449084F84590C4E9022015D06E
:10F780004046FFF7BFFB04F12400FFF7BBFB00BFBF
:10F79000FFF7FEFB5846BDE8F09F18E0502080F3CD
:10F7A0001188BFF34F8FBFF36F8FFEE720690028EA
:10F7B000EED0404600F08EFD0028E9D008494FF019
:10F7C00080500860BFF34F8FBFF36F8FE0E750208A
:10F7D00080F31188BFF34F8FBFF36F8FFEE70000F8
:10F7E00004ED00E02DE9FF4704001D4682B08A4683
:10F7F0004FF0000803D0BAF1000F08D011E05020FC
:10F8000080F31188BFF34F8FBFF36F8FFEE7206C3B
:10F8100038B1502080F31188BFF34F8FBFF36F8F43
:10F82000FEE7022D0AD1E06B012807D0502080F3BB
:10F830001188BFF34F8FBFF36F8FFEE700F0F2FB2D
:10F840003F4F4FF080564FF0000948B9049838B147
:10F85000502080F31188BFF34F8FBFF36F8FFEE707
:10F86000FFF776FBA06BE16B884207D3022D05D032
:10F870000498D0B1B8F1000F1AD01EE02A465146C4
:10F880002046FEF7E0FD616A19B104F1240000F0A2
:10F8900021FD20B13E60BFF34F8FBFF36F8FFFF7A5
:10F8A00077FB012006B0BDE8F087FFF771FB22E08F
:10F8B0006846FFF7DDFC4FF00108FFF769FBFFF733
:10F8C000C3FDFFF745FB94F94400401C01D184F8C7
:10F8D000449094F94500401C01D184F84590FFF70D
:10F8E00057FB04A9684600F0E3FA30B12046FFF761
:10F8F00083F800F05DFD0020D4E7FFF729FBA06B43
:10F90000E16B884213D1FFF743FB049904F1100027
:10F91000FFF7BCFC2046FFF76FF800F049FD002818
:10F920009ED13E60BFF34F8FBFF36F8F98E7FFF715
:10F930002FFB2046FFF760F800F03AFD90E700004B
:10F9400004ED00E02DE9F04704001F46904689468B
:10F9500003D0B9F1000F08D011E0502080F31188D6
:10F96000BFF34F8FBFF36F8FFEE7206C38B150208D
:10F9700080F31188BFF34F8FBFF36F8FFEE7022F25
:10F980000AD1E06B012807D0502080F31188BFF323
:10F990004F8FBFF36F8FFEE7FFF752FB5020EFF35F
:10F9A000118680F31188BFF34F8FBFF36F8FA06B69
:10F9B000E16B884206D3022F04D0002086F3118821
:10F9C000BDE8F08794F94550A06B3A464946204679
:10F9D000FEF739FD681C0AD0FFF71EFA854204D2F3
:10F9E0007F2D14D06D1C84F845500120E6E7606A35
:10F9F0000028FAD004F1240000F06CFC0028F4D0B8
:10FA0000B8F1000FF1D00121C8F80010EDE7502047
:10FA100080F31188BFF34F8FBFF36F8FFEE72DE99F
:10FA2000F04104000F4609D0206C78B1502080F3DB
:10FA30001188BFF34F8FBFF36F8FFEE7502080F325
:10FA40001188BFF34F8FBFF36F8FFEE7206848B96F
:10FA5000A06838B1502080F31188BFF34F8FBFF3F7
:10FA60006F8FFEE7FFF7ECFA5020EFF3118680F37B
:10FA70001188BFF34F8FBFF36F8FD4E90E0181421E
:10FA800026D994F94550401CA063681C0AD0FFF7A2
:10FA9000C3F9854204D27F2D12D06D1C84F84550E5
:10FAA000012016E0606A0028FAD004F1240000F07A
:10FAB00011FC0028F4D0002FF2D001203860EFE7CD
:10FAC000502080F31188BFF34F8FBFF36F8FFEE795
:10FAD000002086F31188BDE8F08110B5040009D03C
:10FAE00000F08AFAA168884214D1E068401EE06004
:10FAF00008D00DE0502080F31188BFF34F8FBFF383
:10FB00006F8FFEE7002320461A461946FFF76AFE6C
:10FB1000012010BD002010BD2DE9F74704008A46E2
:10FB200083B04FF0000603D0BAF1000F08D011E007
:10FB3000502080F31188BFF34F8FBFF36F8FFEE724
:10FB4000206C38B1502080F31188BFF34F8FBFF382
:10FB50006F8FFEE700F066FADFF8F4804FF0805711
:10FB60004FF0000948B9059838B1502080F311884A
:10FB7000BFF34F8FBFF36F8FFEE7FFF7E9F9A56B78
:10FB8000C5B151462046FEF74BFC6D1EA5632069AA
:10FB900050B104F1100000F09DFB28B1C8F80070CE
:10FBA000BFF34F8FBFF36F8FFFF7F2F9012006B05D
:10FBB000BDE8F087059808B11EB106E0FFF7E8F947
:10FBC00027E06846FFF754FB0126FFF7E1F9FFF74E
:10FBD0003BFCFFF7BDF994F94400401C01D184F8C7
:10FBE000449094F94500401C01D184F84590FFF7FA
:10FBF000CFF905A9684600F05BF9002820460AD035
:10FC0000FEF7FAFE00F0D4FB2046FEF775FD002853
:10FC1000B3D00020CBE7FEF76FFD90B1059904F15A
:10FC20002400FFF733FB2046FEF7E6FE00F0C0FBA2
:10FC30000028A2D1C8F80070BFF34F8FBFF36F8FB9
:10FC40009BE72046FEF7D8FE00F0B2FB95E70000E8
:10FC500004ED00E02DE9F04704009046894603D00A
:10FC6000B9F1000F08D011E0502080F31188BFF3E4
:10FC70004F8FBFF36F8FFEE7206C38B1502080F3B9
:10FC80001188BFF34F8FBFF36F8FFEE7FFF7D8F9EF
:10FC90005020EFF3118680F31188BFF34F8FBFF32D
:10FCA0006F8FA76B6FB394F9445049462046FEF717
:10FCB000B7FB681CA7F10107A7630AD0FFF7ACF8F0
:10FCC000854204D27F2D14D06D1C84F8445001204D
:10FCD00018E020690028FAD004F1100000F0FAFAC8
:10FCE0000028F4D0B8F1000FF1D00121C8F80010BD
:10FCF000EDE7502080F31188BFF34F8FBFF36F8F74
:10FD0000FEE7002086F31188BDE8F0872DE9F34374
:10FD10004FF000060400354683B009D0206C78B15E
:10FD2000502080F31188BFF34F8FBFF36F8FFEE732
:10FD3000502080F31188BFF34F8FBFF36F8FFEE722
:10FD400000F070F9DFF828814FF080574FF000097C
:10FD500048B9049838B1502080F31188BFF34F8F11
:10FD6000BFF36F8FFEE7FFF7F3F8A06BC8B1216810
:10FD7000401EA06311B9FEF7DDFEA060206950B1FE
:10FD800004F1100000F0A6FA28B1C8F80070BFF323
:10FD90004F8FBFF36F8FFFF7FBF8012005B0BDE871
:10FDA000F083049808B11EB106E0FFF7F1F85DE0BA
:10FDB0006846FFF75DFA0126FFF7EAF8FFF744FB14
:10FDC000FFF7C6F894F94400401C01D184F8449030
:10FDD00094F94500401C01D184F84590FFF7D8F80C
:10FDE00004A9684600F064F80028204612D0FEF707
:10FDF00003FE00F0DDFA2046FEF77EFC0028B2D0BC
:10FE00009DB3FFF7A5F8606A50B3206B0068C0F19E
:10FE1000380126E0FEF770FCE0B1206838B9FFF742
:10FE200097F8A06800F006FA0546FFF7B1F80499C4
:10FE300004F12400FFF72AFA2046FEF7DDFD00F06A
:10FE4000B7FA00288FD1C8F80070BFF34F8FBFF307
:10FE50006F8F88E72046FEF7CFFD00F0A9FA82E712
:10FE60000021A068FFF752FA9FE7FFE7002095E71F
:10FE700004ED00E070B504000D4607D000F0BCF8BA
:10FE8000A16888420AD1E16801200EE0502080F389
:10FE90001188BFF34F8FBFF36F8FFEE729462046CF
:10FEA000FFF734FF002802D0E168491CE16070BD13
:10FEB0002DE9F04105000C461BD014B3FFF748F8BC
:10FEC000174E2068F268471C6B68A2EB03010ED046
:10FED0002F68D6F820C00026674501D0934218D974
:10FEE000884216D9401A20602846FFF7C1F900253C
:10FEF00011E0502080F31188BFF34F8FBFF36F8F55
:10FF0000FEE7502080F31188BFF34F8FBFF36F8F50
:10FF1000FEE701252660FFF73BF82846BDE8F081A3
:10FF2000340000242DE9FF5F994616468A46834631
:10FF30009000DDE90E87FEF795FD05001FD06020DB
:10FF4000FEF790FD040017D06021F0F78FFD002030
:10FF5000256384F85D004B46CDE90087CDE902407A
:10FF6000324651465846FEF730FB2046FEF7B4F9BC
:10FF7000012004B0BDE8F09F2846FFF71DF84FF0C0
:10FF8000FF30F6E72DE9F04786B01F4690468946D8
:10FF90008246DDE90F540E9EEDB124B3602000903F
:10FFA00001462046F0F762FD2563022084F85D00DB
:10FFB000002104AA009603913B46CDE90124424664
:10FFC00049465046FEF701FB2046FEF785F90498A6
:10FFD00006B0BDE8F087502080F31188BFF34F8F43
:10FFE000BFF36F8FFEE7502080F31188BFF34F8F70
:10FFF000BFF36F8FFEE70000014800687047000004
:020000040801F1
:10000000340000240648C06A002807D1502080F33D
:100010001188BFF34F8FBFF36F8FFEE7704700006B
:10002000340000240548416919B1406B18B1002023
:100030007047012070470220704700003400002400
:100040000148C068704700003400002410B5FEF776
:10005000F7FF0148C06810BD340000242DE9F047C7
:10006000484C606B002628B1A069401CA061304656
:10007000BDE8F087E5686D1CE56013D1206C006871
:1000800038B1502080F31188BFF34F8FBFF36F8FCB
:10009000FEE7206C616C21646064206A401C206271
:1000A000FEF748FC3848A16A8D420FD34FF0000993
:1000B000216C096839B1216CC968C9684A689542E0
:1000C00012D2A26202E04FF0FF31A1622168C96A38
:1000D00001EB810150F82100012800D90126E069D7
:1000E0000028C4D00126C2E7D1E902734A6901F1B0
:1000F0000408BB60D1E902377B605368434501D1F6
:10010000CB685360C1F8149013685B1E13608A6A51
:100110009AB1D1E9077C01F11803C7F808C0D1E909
:10012000077CCCF8047057689F4201D10B6A53607A
:10013000C1F8289013685B1E1360CA6A23699A424B
:1001400000D9226102EB820200EB820252688A60CF
:100150009368CB609368C3F80480C2F80880CA6AC9
:1001600002EB820200EB82034B6150F822305B1CF1
:1001700040F822302268C96AD26A914298D9012691
:1001800096E7000034000024C005002470B5044642
:100190004FF00001F0B3254D2868844207D050206D
:1001A00080F31188BFF34F8FBFF36F8FFEE7206D91
:1001B00038B1E36C401EE26A20659A4233D040B108
:1001C00031E0502080F31188BFF34F8FBFF36F8F62
:1001D000FEE7201DFEF70CFEE06CC0F13801A161C6
:1001E000E0622969884200D9286100EB8000104A4A
:1001F000211D02EB80004068A0608368E360836893
:1002000059608160E06A00EB800002EB8000606171
:10021000E06A00E007E000EB800052F82010491C83
:1002200042F820100121084670BD0000340000246F
:10023000C005002470B5002804464FF000003ED0F1
:10024000224DE16A2A68D26A914239D2A069002817
:1002500004DB2868C06AC0F13800A0611C4E01EBC5
:100260008101606906EB8101884224D1201DFEF7DF
:10027000BFFD2868C06AE0622969884200D9286108
:1002800000EB8000211D06EB80004068A0608268C2
:10029000E260826851608160E06A00EB800006EBFA
:1002A00080006061E06A00EB800056F82010491C75
:1002B00046F8201002E02868C06AE062012070BDA4
:1002C0002968E26CC96A8A42F8D370BD3400002400
:1002D000C005002430B5C068C06850B3D0E907320B
:1002E000816A9A60D0E907235A6000F118034A68CE
:1002F0009A4201D1026A4A60002484620A68521E4E
:100300000A6028494A6BE2B1274C6268C26195686D
:10031000056295686B60936084622268521C22605B
:10032000C06A0A68D26A904239D90122CA6110466D
:1003300030BD502080F31188BFF34F8FBFF36F8F14
:10034000FEE7D0E902534269AB60D0E902356B6049
:10035000031D55689D4201D1C5685560446114680C
:10036000641E1460C26A0C69A24200D90A6102EBE1
:1003700082020E4C04EB8202526882609568C5606E
:1003800095686B609360C26A02EB820204EB8203A1
:10039000436154F822305B1C44F82230C0E700204F
:1003A00030BD000034000024480A0024C0050024A9
:1003B0002DE9F047DFF82881D8F8340000242546DD
:1003C00050B1FEF7C5FDD8F83400401EC8F834001F
:1003D000D8F8340040B17EE0502080F31188BFF39C
:1003E0004F8FBFF36F8FFEE73E480126D8F8081005
:1003F0004FF00009F1BB6EE0C168CC68D4E9073268
:10040000A16A9A60D4E907235A6004F118024B6884
:10041000934201D1226A4A604A46C4F828900B6888
:100420005B1E0B60D4E9027C6169231DC7F808C01C
:10043000D4E9027CCCF804704F689F4201D1E76890
:100440004F6062610A68521E0A60E16AD8F81020A3
:10045000914201D9C8F8101001EB8101224A02EB48
:1004600081014968A1608F68E7608F687B608B605D
:10047000E16A00E011E001EB810102EB81036361BD
:1004800052F821305B1C42F82130D8F80020E16A94
:10049000D26A914201D9C8F81C6001680029ABD129
:1004A0000CB1FEF747FAD8F8184044B1FFF7D6FD73
:1004B00008B1C8F81C60641EF8D1C8F81890D8F8C4
:1004C0001C0040B1094901254FF080500860BFF37E
:1004D0004F8FBFF36F8FFEF75BFD2846BDE8F087B7
:1004E00034000024480A0024C005002404ED00E084
:1004F00010B586B0FDF768FF114C2068B8B1002038
:10050000039005AA049004A903A8FEF7EFFCDDE917
:100510000321022000238DE807000C4809A1059A59
:10052000FFF730FD606010B106B0012010BD502013
:1005300080F31188BFF34F8FBFF36F8FFEE700008A
:100540007C000024546D722053766300D5E90008C6
:1005500010B500290AD00878002807D0054878444B
:10056000F1F7B8F9002801D0002010BD0248784406
:1005700010BD00005E0500005605000010B5002902
:100580000AD00878002807D005487844F1F7A2F986
:10059000002801D0002010BD0248784410BD0000A2
:1005A0004E050000460500004FF04070E1EE100AD5
:1005B0007047F0F7B3BDF0F7E7BE0000480A010846
:1005C000000000000000000000000000000000002B
:1005D00000040000180000000000000000000000FF
:1005E000300A0108000000000000000000000000C8
:1005F00000000000001000002800000000000000C3
:10060000000000003C0A010800000000000000009B
:1006100000000000000000000008000018000000BA
:100620000000000000000000240A01080000000093
:10063000000000000000000000000000004000007A
:10064000280000000000000000000000180A010857
:10065000000000000000000000000000000000009A
:100660000020000008000000000000000000000062
:10067000600A010800000000000000000000000007
:100680006C0A0108000000000000000000000000EB
:10069000540A0108000000000000000000000000F3
:1006A000010002000400060008000A000C0010000F
:1006B000200040008000000101010103070100004B
:1006C0000804020408010101000000000102030403
:1006D0000102030406070809780A01080000000067
:1006E0000000000000000000840A01080000000073
:1006F0000000000000000000900A01080000000057
:100700000000000000000000000000000000005F8A
:1007100000000007000700147F147F14242A7F2A9A
:100720001223130864623649552250000503000065
:10073000001C2241000041221C0014083E0814083D
:10074000083E08080050300000080808080800604B
:1007500060000020100804023E5149453E00427FDF
:10076000400042615149462141454B311814127FE6
:100770001027454545393C4A49493001710905036F
:100780003649494936064949291E003636000000D7
:1007900056360000081422410014141414140041A9
:1007A0002214080201510906324979413E7E111195
:1007B000117E7F494949363E414141227F414122D4
:1007C0001C7F494949417F090909013E4149497A4C
:1007D0007F0808087F00417F41002040413F017FA2
:1007E000081422417F404040407F020C027F7F047A
:1007F00008107F3E4141413E7F090909063E4151B3
:10080000215E7F09192946464949493101017F0185
:10081000013F4040403F1F2040201F3F4038403FA5
:1008200063140814630708700807615149454300C1
:100830007F41410002040810200041417F00040272
:100840000102044040404040000102040020545492
:1008500054787F4844443838444444203844444819
:100860007F3854545418087E0901020C5252523EEB
:100870007F0804047800447D40002040443D007F10
:100880001028440000417F40007C041804787C0854
:1008900004047838444444387C14141408081414AC
:1008A000187C7C080404084854545420043F4440F5
:1008B000203C4040207C1C2040201C3C4030403CE0
:1008C00044281028440C5050503C4464544C44007C
:1008D0000836410000007F0000004136080008088B
:1008E0002A1C08081C2A0808AED580A83FD300405F
:1008F0008D142002A1C8DA1281CFD9F1DB20A4A681
:100900002EAF00006D980008759900080D99000839
:1009100079990008B598000804000008000000005C
:1009200000000002000100001000000000000000B4
:100930000000000030313233343536373839414227
:100940004344454640305800303132333435363731
:100950003839616263646566403078003031323323
:1009600034353637383961626364656678700030D3
:1009700031323334353637383941424344454658AD
:100980005000000002400000000000A00000000035
:1009900005400000000000C8000000000C400000FE
:1009A0000000409C00000000194000000020BCBE78
:1009B0000000000034400000BFC91B8E000000048E
:1009C000B5400000504BCFD06607E2CF01000000D9
:1009D0006C4100003E8251AADFEEA7340100000006
:1009E000D9420000DCB5A0E23A301F97FFFFFFFFBD
:1009F000B4450000FD25A0C8E9A3C14FFFFFFFFFDC
:100A0000FF3F00000000008000000000FF3F0000EA
:100A10000000008000000000446562756754617347
:100A20006B000000467573696F6E5461736B000054
:100A300053656E736F725461736B00004865617427
:100A40005461736B0000000064656661756C7454DA
:100A500061736B00493243334D7574657800000053
:100A60004932434D75746578000000005350494D7C
:100A70007574657800000000446174614D7574659B
:100A800078000000446562756755415254000000CB
:100A90004F4C45444D75746578000000E80B010823
:100AA0000000002420020000D4020008B40C010859
:100AB0002002002450400200300300081C00000007
:100AC00043000000F8FFFFFF0C0000000E000000D4
:100AD0000F0000002E000000100100004300000085
:100AE000F8FFFFFF0040404040404040404041414F
:100AF00041414140404040404040404040404040F3
:100B0000404040404005020202020202020202028C
:100B10000202020202202020202020202020200289
:100B20000202020202029090909090901010101019
:100B300010101010101010101010101010101010B5
:100B40000202020202028888888888880808080849
:100B50000808080808080808080808080808080815
:100B6000020202024000000000000000000000003D
:100B70000000000000000000000000000000000075
:100B80000000000000000000000000000000000065
:100B90000000000000000000000000000000000055
:100BA0000000000000000000000000000000000045
:100BB0000000000000000000000000000000000035
:100BC0000000000000000000000000000000000025
:100BD0000000000000000000000000000000000015
:100BE00000000000000000000120320182103C9053
:100BF000D00304012F024F371AAA014113D5B114B3
:100C00000805B21B0811041A39041A65041AB51430
:100C10001AE1044117040309041201140202021626
:100C200040830440571D02010203D10A191AC2135E
:100C30000D251B0807041A03041A31041A4904413C
:100C400014810182130A0632021A4043111C090260
:100C5000434F1125C03209041B01020B1305241652
:100C600010010524011009010424020205240617BD
:100C70000107058203081C10090485320A2E0705A6
:100C8000010240072A8107111381AE1408E9AC4C18
:100C9000082BB064137DAD1B0835101AAB04C11AC4
:100CA00001281AC11C1A41081AB5080134021F761E
:040CB00029D401142E
:040000050800029954
:00000001FF
